Year,First Name,Last Name,City,State,Country,Zip Code,Gender,Age,Event,Checked In
2026,Miriam,Torres,Port Arthur,TX,US,77642,F,10,The Big Pumpkin Kids K,Yes
2026,Macy,Whitmire,Buna,TX,US,77612,F,10,The Big Pumpkin Kids K,Yes
2026,Christian,Torres,Port Arthur,TX,US,77640,M,10,The Big Pumpkin Kids K,Yes
2026,Ian,Rains,Port Arthur,TX,US,77640,M,8,The Big Pumpkin Kids K,Yes
2026,Joseph,Rench,Lumberton,TX,US,77657,M,7,The Big Pumpkin Kids K,Yes
2026,Owen,Rench,Lumberton,TX,US,77657,M,5,The Big Pumpkin Kids K,Yes
2026,Sophia,Sosa,Port Neches,TX,US,77651,F,11,The Big Pumpkin Kids K,Yes
2026,Silver,Rosalez,Groves,TX,US,77619,M,10,The Big Pumpkin Kids K,Yes
2026,Scarlet,Snider,Orange,TX,US,77630,F,8,The Big Pumpkin Kids K,Yes
2026,Cora,Beers,Orange,TX,US,77630,F,8,The Big Pumpkin Kids K,Yes
2026,Zoe,Leija,Port Neches,TX,US,77651,F,9,The Big Pumpkin Kids K,Yes
2026,Judith Leo,Torres,Nederland,TX,US,77627,F,7,The Big Pumpkin Kids K,Yes
2026,Travis,Nguyen,Port Neches,TX,US,77651,M,10,The Big Pumpkin Kids K,Yes
2026,Ella,Leija,Port Neches,TX,US,77651,F,7,The Big Pumpkin Kids K,Yes
2026,Ava,Ridley,Nederland,TX,US,77627,F,4,The Big Pumpkin Kids K,Yes
2026,Romeo,Zamora,GrovesGroves,TX,US,77619,M,9,The Big Pumpkin Kids K,Yes
2026,Ruth,Delacruz,Port Arthur,TX,US,77640,F,43,The Big Pumpkin Run 5k,Yes
2026,Julius,Delacruz,Port Arthur,TX,US,77640,M,12,The Big Pumpkin Run 5k,Yes
2026,Kristin,Saltzman,Creole,LA,US,70632,F,45,The Big Pumpkin Run 5k,Yes
2026,Catherine,Trevino,Beaumont,TX,US,77708,F,62,The Big Pumpkin Run 5k,Yes
2026,Eddie,Trevino,Beaumont,TX,US,77708,M,66,The Big Pumpkin Run 5k,Yes
2026,Fernando,Alvarez,Bridge City,TX,US,77611,M,36,The Big Pumpkin Run 5k,Yes
2026,Anthony,Mireles,Beaumont,TX,US,77713,M,72,The Big Pumpkin Run 5k,Yes
2026,Ike,Adams Jr,Beaumont,TX,US,77705,M,66,The Big Pumpkin Run 5k,Yes
2026,Carina,Rangel,Port Arthur,TX,US,77642,F,32,The Big Pumpkin Run 5k,Yes
2026,Hank,Williams,Buna,TX,US,77612,M,17,The Big Pumpkin Run 5k,Yes
2026,Elizabeth,Flores,Beaumont,TX,US,77701,F,32,The Big Pumpkin Run 5k,Yes
2026,Beverly,Francis,Orange,TX,US,77630,F,53,The Big Pumpkin Run 5k,Yes
2026,Kyle,Nelson,Groves,TX,US,77619,M,31,The Big Pumpkin Run 5k,Yes
2026,Deborah,Nesbitt,Nederland,TX,US,77627,F,63,The Big Pumpkin Run 5k,Yes
2026,Kirk,Nesbitt,Nederland,TX,US,77627,M,66,The Big Pumpkin Run 5k,Yes
2026,Sherri,Wood,Leblanc,LA,US,70651,F,53,The Big Pumpkin Run 5k,Yes
2026,Matthew,Wood,Leblanc,LA,US,70651,M,11,The Big Pumpkin Run 5k,Yes
2026,Marc,Ivey,Lake Charles,LA,US,70605,M,63,The Big Pumpkin Run 5k,Yes
2026,Keshia,Hudson,Beaumont,TX,US,77707,F,52,The Big Pumpkin Run 5k,Yes
2026,Naomi,Torres,Nederland,TX,US,77627,F,43,The Big Pumpkin Run 5k,Yes
2026,Kyle,Tremblay,Beaumont,TX,US,77706,M,30,The Big Pumpkin Run 5k,Yes
2026,Estrella,Balderas,Silsbee,TX,US,77656,F,22,The Big Pumpkin Run 5k,Yes
2026,Shalma,Balderas,Silsbee,TX,US,77656,F,24,The Big Pumpkin Run 5k,Yes
2026,Pam,Guidry,Orange,TX,US,77630,F,68,The Big Pumpkin Run 5k,Yes
2026,Heather,Watson,Vidor,TX,US,77662,F,38,The Big Pumpkin Run 5k,Yes
2026,Allen,Wrinkle,Leblanc,LA,US,70651,M,61,The Big Pumpkin Run 5k,Yes
2026,Patty,Delacruz Torres,Port Arthur,TX,US,77642,F,39,The Big Pumpkin Run 5k,Yes
2026,Néstor,Torres,Port Arthur,TX,US,77642,M,16,The Big Pumpkin Run 5k,Yes
2026,Amanda,Lacayo,Groves,TX,US,77619,F,33,The Big Pumpkin Run 5k,Yes
2026,Jennifer,Batuyong,Groves,TX,US,77619,F,44,The Big Pumpkin Run 5k,Yes
2026,Tori,Nails,Port Arthur,TX,US,77640,F,40,The Big Pumpkin Run 5k,Yes
2026,Khloe,Keith,Buna,TX,US,77612,F,16,The Big Pumpkin Run 5k,Yes
2026,Stephen,Ohnheiser,Bridge City,TX,US,77611,M,60,The Big Pumpkin Run 5k,Yes
2026,Adriana,Rodriguez,Port Arthur,TX,US,77642,F,31,The Big Pumpkin Run 5k,Yes
2026,Margarita,Rodriguez,Groves,TX,US,77619,F,36,The Big Pumpkin Run 5k,Yes
2026,Edgar,Roque,Groves,TX,US,77619,M,34,The Big Pumpkin Run 5k,Yes
2026,Becky,Howlett,Vidor,TX,US,77662,F,66,The Big Pumpkin Run 5k,Yes
2026,Buddy,Howlett,Vidor,TX,US,77662,M,68,The Big Pumpkin Run 5k,Yes
2026,Andrea,Francis,Sulphur,LA,US,70663,F,35,The Big Pumpkin Run 5k,Yes
2026,Taylor,Champagne,Lake Charles,LA,US,70611,F,31,The Big Pumpkin Run 5k,Yes
2026,Andrew,Champagne,Lake Charles,LA,US,70611,M,31,The Big Pumpkin Run 5k,Yes
2026,Chelsea,Bertrand,Evadale,TX,US,77615,F,42,The Big Pumpkin Run 5k,Yes
2026,Alex,bertrand,Evadale,TX,US,77615,M,39,The Big Pumpkin Run 5k,Yes
2026,Jillian,Birtciel,Vidor,TX,US,77662,F,49,The Big Pumpkin Run 5k,Yes
2026,Thuy,Do,Orange,TX,US,77632,F,30,The Big Pumpkin Run 5k,Yes
2026,Mason,Stewart,Beaumont,TX,US,77706,M,30,The Big Pumpkin Run 5k,Yes
2026,Clem,Chesson,Port Neches,TX,US,77651,F,70,The Big Pumpkin Run 5k,Yes
2026,Mary,Nelson,Port Neches,TX,US,77651,F,65,The Big Pumpkin Run 5k,Yes
2026,Brittney,Findley,Conroe,TX,US,77301,F,40,The Big Pumpkin Run 5k,Yes
2026,Whitney,Blair,Groves,TX,US,77619,F,34,The Big Pumpkin Run 5k,Yes
2026,Corey,Blair,Groves,TX,US,77619,M,36,The Big Pumpkin Run 5k,Yes
2026,Mark,Netterville,Lumberton,TX,US,77657,M,66,The Big Pumpkin Run 5k,Yes
2026,Vicky,Netterville,Lumberton,TX,US,77657,F,67,The Big Pumpkin Run 5k,Yes
2026,James,Simmons,Port Neches,TX,US,77651,M,42,The Big Pumpkin Run 5k,Yes
2026,Justin,Winn,Beaumont,TX,US,77713,M,30,The Big Pumpkin Run 5k,Yes
2026,Chris,Heisner,Magnolia,TX,US,77354,M,51,The Big Pumpkin Run 5k,Yes
2026,Tish,Jones,Magnolia,TX,US,77354,F,51,The Big Pumpkin Run 5k,Yes
2026,Darryl,Fleetwood,Beaumont,TX,US,77708,M,34,The Big Pumpkin Run 5k,Yes
2026,Riley,Hatfield,Deer Park,TX,US,77536,M,16,The Big Pumpkin Run 5k,Yes
2026,Steven,Boudreaux,Sour Lake,TX,US,77659,M,43,The Big Pumpkin Run 5k,Yes
2026,Phyllis,McSpadden,Pasadena,TX,US,77502,F,71,The Big Pumpkin Run 5k,Yes
2026,Maureen,Woods,Orange,TX,US,77630,F,56,The Big Pumpkin Run 5k,Yes
2026,Jacy,Woods,Orange,TX,US,77630,F,25,The Big Pumpkin Run 5k,Yes
2026,Connie,Claborn,Bridge City,TX,US,77611,F,41,The Big Pumpkin Run 5k,Yes
2026,Nathan,Aguilar,Groves,TX,US,77619,M,26,The Big Pumpkin Run 5k,Yes
2026,Kenzy,Aguilar,Groves,TX,US,77619,F,27,The Big Pumpkin Run 5k,Yes
2026,Aubrie,Worsley,Lumberton,TX,US,77657,F,37,The Big Pumpkin Run 5k,Yes
2026,Jimmy,Truong,Orange,TX,US,77630,M,34,The Big Pumpkin Run 5k,Yes
2026,Jessica,Taylor,College Station,TX,US,77845,F,29,The Big Pumpkin Run 5k,Yes
2026,Aaris,Gillispie,College Station,TX,US,77845,F,20,The Big Pumpkin Run 5k,Yes
2026,Crystal,Guerrero,La Porte,TX,US,77571,F,52,The Big Pumpkin Run 5k,Yes
2026,Jennie,Le,Port Neches,TX,US,77651,F,47,The Big Pumpkin Run 5k,Yes
2026,Thi,Nguyen,Port Neches,TX,US,77651,M,48,The Big Pumpkin Run 5k,Yes
2026,Sarah,Brister,Orange,TX,US,77632,F,62,The Big Pumpkin Run 5k,Yes
2026,Micah,Gibson,Beaumont,TX,US,77706,M,35,The Big Pumpkin Run 5k,Yes
2026,Brandi,Brister,Orange,TX,US,77632,F,38,The Big Pumpkin Run 5k,Yes
2026,Sylvia,Gilmore,Beaumont,TX,US,77706,F,72,The Big Pumpkin Run 5k,Yes
2026,William,Gilmore,Beaumont,TX,US,77706,M,73,The Big Pumpkin Run 5k,Yes
2026,Kayin,Mitchell,cove,TX,US,77523,M,26,The Big Pumpkin Run 5k,Yes
2026,Jonathon,Wright,Silsbee,TX,US,77656,M,42,The Big Pumpkin Run 5k,Yes
2026,Briana,Toribio,Houston,TX,US,77057,F,29,The Big Pumpkin Run 5k,Yes
2026,Elizabeth,Genuardi,Beaumont,TX,US,77707,F,39,The Big Pumpkin Run 5k,Yes
2026,Hailey,Allen,Port Arthur,TX,US,77642,F,22,The Big Pumpkin Run 5k,Yes
2026,Azatiany,Trotter,Port Neches,TX,US,77651,F,53,The Big Pumpkin Run 5k,Yes
2026,Eric,Trotter,Port Neches,TX,US,77651,M,47,The Big Pumpkin Run 5k,Yes
2026,Kori,Portie,Kinder,LA,US,70648,F,29,The Big Pumpkin Run 5k,Yes
2026,John Morgan,Portie,Kinder,LA,US,70648,M,31,The Big Pumpkin Run 5k,Yes
2026,Greg,Gallier,Vidor,TX,US,77662,M,67,The Big Pumpkin Run 5k,Yes
2026,Stephanie,STEPHEN,Vidor,TX,US,77662,F,53,The Big Pumpkin Run 5k,Yes
2026,Eric,Sauerwein,Nederland,TX,US,77627,M,40,The Big Pumpkin Run 5k,Yes
2026,Ruth,Johnston,Baytown,TX,US,77520,F,70,The Big Pumpkin Run 5k,Yes
2026,Maria,Green,Pearland,TX,US,77581,F,61,The Big Pumpkin Run 5k,Yes
2026,Brittany,West,Beaumont,TX,US,77708,F,34,The Big Pumpkin Run 5k,Yes
2026,Michelle,Awolesi,Baton Rouge,LA,US,70817,F,61,The Big Pumpkin Run 5k,Yes
2026,Yolanda,Moreno,Galena Park,TX,US,77547,F,41,The Big Pumpkin Run 5k,Yes
2026,Jesus,Mendoza,Houston,TX,US,77075,M,56,The Big Pumpkin Run 5k,Yes
2026,Kai,Whitmire,Buna,TX,US,77612,M,13,The Big Pumpkin Run 5k,Yes
2026,Mario,Saucedo,Port Arthur,TX,US,77642,M,40,The Big Pumpkin Run 5k,Yes
2026,Saige,Nicholson,Bridge City,TX,US,77611,F,33,The Big Pumpkin Run 5k,Yes
2026,Justin,Dillon,Bridge City,TX,US,77611,M,35,The Big Pumpkin Run 5k,Yes
2026,Mairani,Gomez,Port Arthur,TX,US,77640,F,32,The Big Pumpkin Run 5k,Yes
2026,Joshua,Rains,Port Arthur,TX,US,77640,M,37,The Big Pumpkin Run 5k,Yes
2026,Tami,Hathaway,Beaumont,TX,US,77707,F,60,The Big Pumpkin Run 5k,Yes
2026,Karen,Gilman,Port Neches,TX,US,77651,F,64,The Big Pumpkin Run 5k,Yes
2026,Auston,Poyner,Nederland,TX,US,77627,M,22,The Big Pumpkin Run 5k,Yes
2026,JENNIFER,ALVAREZ,Whittier,CA,US,90605,F,35,The Big Pumpkin Run 5k,Yes
2026,Elijah,Rideaux,Beaumont,TX,US,77707,M,23,The Big Pumpkin Run 5k,Yes
2026,Jeromy,Buberl,Beaumont,TX,US,77706,M,47,The Big Pumpkin Run 5k,Yes
2026,Jonathan,Alvarenga,Groves,TX,US,77619,M,25,The Big Pumpkin Run 5k,Yes
2026,Liz,Kelley,Port Neches,TX,US,77652,F,28,The Big Pumpkin Run 5k,Yes
2026,Marysol,Medina,Port Arthur,TX,US,77642,F,39,The Big Pumpkin Run 5k,Yes
2026,Beverly,Olivo,Port Neches,TX,US,77651,F,29,The Big Pumpkin Run 5k,Yes
2026,Destiny,Seay,Hackberry,LA,US,70645,F,30,The Big Pumpkin Run 5k,Yes
2026,Kolby,Woods,Orange,TX,US,77630,M,24,The Big Pumpkin Run 5k,Yes
2026,Frank,Jones III,Port Neches,TX,US,77651,M,36,The Big Pumpkin Run 5k,Yes
2026,Lyndon A.,Scantlebury,Port Arthur,TX,US,77640,M,56,The Big Pumpkin Run 5k,Yes
2026,Lacey,Ytuarte,Nederland,TX,US,77627,F,46,The Big Pumpkin Run 5k,Yes
2026,Steven,Dobbs,Houston,TX,US,77004,M,64,The Big Pumpkin Run 5k,Yes
2026,Lauren,Noak,Beaumont,TX,US,77713,F,31,The Big Pumpkin Run 5k,Yes
2026,Yesenia,Lares,Groves,TX,US,77619,F,33,The Big Pumpkin Run 5k,Yes
2026,Crystal,Magee,Beaumont,TX,US,77708,F,63,The Big Pumpkin Run 5k,Yes
2026,Susan,Grant,Port Neches,TX,US,77651,F,52,The Big Pumpkin Run 5k,Yes
2026,Charles,Grant,Port Neches,TX,US,77651,M,64,The Big Pumpkin Run 5k,Yes
2026,Carly,James,Beaumont,TX,US,77713,F,51,The Big Pumpkin Run 5k,Yes
2026,RAVEN,SMITH,Nederland,TX,US,77627,F,36,The Big Pumpkin Run 5k,Yes
2026,Colby,Prevost,Groves,TX,US,77619,M,22,The Big Pumpkin Run 5k,Yes
2026,Adrian,Guzman,Port Arthur,TX,US,77642,M,22,The Big Pumpkin Run 5k,Yes
2026,Carrie,Carroll,Sulphur,LA,US,70663,F,49,The Big Pumpkin Run 5k,Yes
2026,Jenny,Savoie,Lake Charles,LA,US,70611,F,52,The Big Pumpkin Run 5k,Yes
2026,Delanna,Tran,Groves,TX,US,77619,F,21,The Big Pumpkin Run 5k,Yes
2026,Simon,Zamora,Silsbee,TX,US,77656,M,50,The Big Pumpkin Run 5k,Yes
2026,Kourtney,Zamora,Silsbee,TX,US,77656,F,40,The Big Pumpkin Run 5k,Yes
2026,Lourdes,Esparza,Port Arthur,TX,US,77642,F,48,The Big Pumpkin Run 5k,Yes
2026,Jessica,Drake,Beaumont,TX,US,77705,F,48,The Big Pumpkin Run 5k,Yes
2026,Michael,Siles,Port Arthur,TX,US,77642,M,27,The Big Pumpkin Run 5k,Yes
2026,Luis,Ocegueda,Port Arthur,TX,US,77642,M,25,The Big Pumpkin Run 5k,Yes
2026,Rebecca,Nichols,Groves,TX,US,77619,F,37,The Big Pumpkin Run 5k,Yes
2026,Landon,Nichols,Groves,TX,US,77619,M,17,The Big Pumpkin Run 5k,Yes
2026,Justice,Phippen,Sour Lake,TX,US,77659,F,20,The Big Pumpkin Run 5k,Yes
2026,Mayra,Diaz,Port Arthur,TX,US,77642,F,45,The Big Pumpkin Run 5k,Yes
2026,Rachel,Beck,Orange,TX,US,77630,F,48,The Big Pumpkin Run 5k,Yes
2026,Alicia,Lynch,Port Arthur,TX,US,77642,F,38,The Big Pumpkin Run 5k,Yes
2026,Greg,Sims,port neches,TX,US,77651,M,60,The Big Pumpkin Run 5k,Yes
2026,Joshua,Rieger,Beaumont,TX,US,77706,M,49,The Big Pumpkin Run 5k,Yes
2026,Rutherford,Rieger,Beaumont,TX,US,77706,M,11,The Big Pumpkin Run 5k,Yes
2026,Jackson,Rieger,Beaumont,TX,US,77706,M,16,The Big Pumpkin Run 5k,Yes
2026,Kimberly,Hilton,Groves,TX,US,77619,F,46,The Big Pumpkin Run 5k,Yes
2026,Kevin,Hilton,Groves,TX,US,77619,M,57,The Big Pumpkin Run 5k,Yes
2026,Presley,Ducote,Bridge City,TX,US,77611,F,18,The Big Pumpkin Run 5k,Yes
2026,Ethan,Moss,Sulphur,LA,US,70663,M,22,The Big Pumpkin Run 5k,Yes
2026,Mike,Dunham,Lumberton,TX,US,77657,M,71,The Big Pumpkin Run 5k,Yes
2026,Michael,Gillespie,Beaumont,TX,US,77702,M,39,The Big Pumpkin Run 5k,Yes
2026,Dennis,Durkee,Beaumont,TX,US,77706,M,70,The Big Pumpkin Run 5k,Yes
2026,Tristan,Hadnot,Beaumont,TX,US,77713,M,35,The Big Pumpkin Run 5k,Yes
2026,Caitlyn,Cheek,Denham Springs,LA,US,70706,F,12,The Big Pumpkin Run 5k,Yes
2026,Alondra,Lara,Nederland,TX,US,77627,F,24,The Big Pumpkin Run 5k,Yes
2026,Evelyn,Roman,Beaumont,TX,US,77708,F,28,The Big Pumpkin Run 5k,Yes
2026,Julia,Boehm,Bridge City,TX,US,77611,F,68,The Big Pumpkin Run 5k,Yes
2026,Dylan,Morgan,Beaumont,TX,US,77713,M,31,The Big Pumpkin Run 5k,Yes
2026,Krystal,Sanchez,Port Neches,TX,US,77651,F,43,The Big Pumpkin Run 5k,Yes
2026,Curtis,Jackson,Beaumont,TX,US,77705,M,25,The Big Pumpkin Run 5k,Yes
2026,Taylor,Angelle,Beaumont,TX,US,77706,F,27,The Big Pumpkin Run 5k,Yes
2026,Jackson,Dolce,Beaumont,TX,US,77706,M,28,The Big Pumpkin Run 5k,Yes
2026,Christina,Chen,Winona,TX,US,75792,F,31,The Big Pumpkin Run 5k,Yes
2026,Michael,Chen,Winona,TX,US,75792,M,31,The Big Pumpkin Run 5k,Yes
2026,Lyndsey,Hartman,Port Neches,TX,US,77651,F,27,The Big Pumpkin Run 5k,Yes
2026,Julius,Neal,Port Arthur,TX,US,77642,M,46,The Big Pumpkin Run 5k,Yes
2026,Jamari,Neal,Port Arthur,TX,US,77642,M,16,The Big Pumpkin Run 5k,Yes
2026,Sissye,Olvera,Beaumont,TX,US,77705,F,25,The Big Pumpkin Run 5k,Yes
2026,LUKE,EMFINGER,Nederland,TX,US,77627,M,47,The Big Pumpkin Run 5k,Yes
2026,Evelyn,Emfinger,Nederland,TX,US,77627,F,41,The Big Pumpkin Run 5k,Yes
2026,Bethany,Rench,Lumberton,TX,US,77657,F,39,The Big Pumpkin Run 5k,Yes
2026,Declan,Rench,Lumberton,TX,US,77657,M,11,The Big Pumpkin Run 5k,Yes
2026,Timothy,Rench,Lumberton,TX,US,77657,M,9,The Big Pumpkin Run 5k,Yes
2026,Sophie,Rench,Lumberton,TX,US,77657,F,13,The Big Pumpkin Run 5k,Yes
2026,Jeffery,Rideaux,Beaumont,TX,US,77701,M,31,The Big Pumpkin Run 5k,Yes
2026,Kristy,Anderson,Orange,TX,US,77632,F,45,The Big Pumpkin Run 5k,Yes
2026,Ryan,Anderson,Orange,TX,US,77632,M,37,The Big Pumpkin Run 5k,Yes
2026,ALISHA,FONTENOT,Hull,TX,US,77564,F,42,The Big Pumpkin Run 5k,Yes
2026,LESLIE,FONTENOT,Hull,TX,US,77564,M,43,The Big Pumpkin Run 5k,Yes
2026,LANDON,FONTENOT,Hull,TX,US,77564,M,44,The Big Pumpkin Run 5k,Yes
2026,Buck,Ford,Blanco,TX,US,78606,M,71,The Big Pumpkin Run 5k,Yes
2026,Brittany,Dang,Groves,TX,US,77619,F,28,The Big Pumpkin Run 5k,Yes
2026,Aaron,Pham,Groves,TX,US,77619,M,26,The Big Pumpkin Run 5k,Yes
2026,Ebun,Broomes,Beaumont,TX,US,77713,F,37,The Big Pumpkin Run 5k,Yes
2026,Jada,Thrash,Beaumont,TX,US,77705,F,22,The Big Pumpkin Run 5k,Yes
2026,Michael,Sonier,Lumberton,TX,US,77657,M,47,The Big Pumpkin Run 5k,Yes
2026,Teresa,Sonier,Lumberton,TX,US,77657,F,40,The Big Pumpkin Run 5k,Yes
2026,Gavin,Nguyen,Beaumont,TX,US,77705,M,14,The Big Pumpkin Run 5k,Yes
2026,Eliseo,Bautista,Orange,TX,US,77630,M,43,The Big Pumpkin Run 5k,Yes
2026,Shannon,Burnett,Beaumont,TX,US,77705,F,38,The Big Pumpkin Run 5k,Yes
2026,Bryce,Burnett,Beaumont,TX,US,77705,M,39,The Big Pumpkin Run 5k,Yes
2026,Beau,Burnett,Beaumont,TX,US,77705,M,11,The Big Pumpkin Run 5k,Yes
2026,Darrian,Walker,Houston,TX,US,77494,M,27,The Big Pumpkin Run 5k,Yes
2026,Jamichael,Kyles,Beaumont,TX,US,77708,M,27,The Big Pumpkin Run 5k,Yes
2026,Easton,Snider,Orange,TX,US,77630,M,14,The Big Pumpkin Run 5k,Yes
2026,Miriam,Tovar,Winnie,TX,US,77665,F,33,The Big Pumpkin Run 5k,Yes
2026,Alvaro,Camacho,Groves,TX,US,77619,M,33,The Big Pumpkin Run 5k,Yes
2026,Jennifer,Myers,Bridge City,TX,US,77611,F,48,The Big Pumpkin Run 5k,Yes
2026,Willliam,Myers,Bridge City,TX,US,77611,M,20,The Big Pumpkin Run 5k,Yes
2026,LESLIE,HEBERT,Orange,TX,US,77630,F,47,The Big Pumpkin Run 5k,Yes
2026,Sarah,Ridley,Nederland,TX,US,77627,F,38,The Big Pumpkin Run 5k,Yes
2026,Ryan,Hinson,Buna,TX,US,77612,M,18,The Big Pumpkin Run 5k,Yes
2026,Jaunitha,Arredondo,Port Arthur,TX,US,77640,F,22,The Big Pumpkin Run 5k,Yes
2026,Carmen,Arrendondo,Port Arthur,TX,US,77640,F,37,The Big Pumpkin Run 5k,Yes
2026,Catherine,Camden,Silsbee,TX,US,77656,F,23,The Big Pumpkin Run 5k,Yes
2026,Craig,Netterville,Lumberton,TX,US,77657,M,70,The Big Pumpkin Run 5k,Yes
2026,Alejandro,Vargas,Mont Belvieu,TX,US,77523,M,14,The Big Pumpkin Run 5k,Yes
2026,Kinsley,Cammack,Bridge City,TX,US,77611,F,19,The Big Pumpkin Run 5k,Yes
2026,Christian,Rojas,Baytown,TX,US,77520,M,26,The Big Pumpkin Run 5k,Yes
2026,Mike,Cabaniss,Woodville,TX,US,75979,M,71,The Big Pumpkin Run 5k,Yes
2026,Scottie,Murphy,Liberty,TX,US,77575,F,43,The Big Pumpkin Run 5k,Yes
2026,Stephanie,Murphy,Liberty,TX,US,77575,F,18,The Big Pumpkin Run 5k,Yes
2026,Elli,Murphy,Liberty,TX,US,77575,F,17,The Big Pumpkin Run 5k,Yes
2026,Thao,Nguyen,Orange,TX,US,77632,F,51,The Big Pumpkin Run 5k,Yes
2026,Ena,Broussard,Nederland,TX,US,77627,F,58,The Big Pumpkin Run 5k,Yes
2026,Kohlton,Burrell,Nederland,TX,US,77627,M,26,The Big Pumpkin Run 5k,Yes
2026,Kelby,Whiddon,Nederland,TX,US,77627,M,34,The Big Pumpkin Run 5k,Yes
2026,Scott,Danks,Nederland,TX,US,77627,M,52,The Big Pumpkin Run 5k,Yes
2026,Elliot,Ferrante,Denham Springs,LA,US,70706,F,12,The Big Pumpkin Run 5k,Yes
2026,Thomas,Tucker,Liberty,TX,US,77575,M,38,The Big Pumpkin Run 5k,Yes
2026,Fisher,Murphy,Liberty,TX,US,77575,M,14,The Big Pumpkin Run 5k,Yes
2026,John Micheal,Glazener,liberty,TX,US,77575,M,12,The Big Pumpkin Run 5k,Yes
2026,Rayce,Durant,Liberty,TX,US,77575,M,14,The Big Pumpkin Run 5k,Yes
2026,Troy,Newsome,Liberty,TX,US,77575,M,15,The Big Pumpkin Run 5k,Yes
2026,Kelli,Caraway,Port Neches,TX,US,77651,F,58,The Big Pumpkin Run 5k,Yes
2026,Vonda,Hollingshead,Port Neches,TX,US,77651,F,58,The Big Pumpkin Run 5k,Yes
2026,Tracie,Updike,Orange,TX,US,77630,F,70,The Big Pumpkin Run 5k,Yes
2026,Hamilton,Davis,Beaumont,TX,US,77713,M,29,The Big Pumpkin Run 5k,Yes
2026,Andreana,Daniels,Port Arthur,TX,US,77642,F,30,The Big Pumpkin Run 5k,Yes
2026,Jenci,Seahorn,Big Sandy,TX,US,75755,F,22,The Big Pumpkin Run 5k,Yes
2026,Darcy,Seahorn,Big Sandy,TX,US,75755,F,48,The Big Pumpkin Run 5k,Yes
2026,Lori,Wadding,Big Sandy,TX,US,75755,F,58,The Big Pumpkin Run 5k,Yes
2026,Tristan,Gray,Fulshear,TX,US,77441,M,18,The Big Pumpkin Run 5k,Yes
2026,Sidi,Swift,Houston,TX,US,77075,F,32,The Big Pumpkin Run 5k,Yes
2026,Kevin,Magana,Beaumont,TX,US,77713,M,19,The Big Pumpkin Run 5k,Yes
2026,Raechel,Stucky,Beaumont,TX,US,77706,F,26,The Big Pumpkin Run 5k,Yes
2026,Toni,Hebert,Nederland,TX,US,77627,F,57,The Big Pumpkin Run 5k,Yes
2026,Styven,Lua,Port Arthur,TX,US,77640,M,26,The Big Pumpkin Run 5k,Yes
2026,Soledad,Zuniga,Groves,TX,US,77619,F,44,The Big Pumpkin Run 5k,Yes
2026,Valentina,Sosa,Port Neches,TX,US,77651,F,43,The Big Pumpkin Run 5k,Yes
2026,Rebeca,Parra,Port Neches,TX,US,77651,F,71,The Big Pumpkin Run 5k,Yes
2026,Aaron,James,Nederland,TX,US,77627,M,36,The Big Pumpkin Run 5k,Yes
2026,Ramiro,Gutierrez,Port Arthur,TX,US,77642,M,35,The Big Pumpkin Run 5k,Yes
2026,Isaiah,Procter,Port Arthur,TX,US,77640,M,31,The Big Pumpkin Run 5k,Yes
2026,Phillip,Cole,Houston,TX,US,77043,M,30,The Big Pumpkin Run 5k,Yes
2026,Antonio,Jaramillo,Port Arthur,TX,US,77642,M,56,The Big Pumpkin Run 5k,Yes
2026,Shawn,Guidry,Vidor,TX,US,77662,M,37,The Big Pumpkin Run 5k,Yes
2026,Bowman,Fawcett,Vidor,TX,US,77662,M,55,The Big Pumpkin Run 5k,Yes
2026,Michael,Briones,Kountze,TX,US,77625,M,19,The Big Pumpkin Run 5k,Yes
2026,Emely,Munoz Gonzalez,Hillister,TX,US,77624,F,23,The Big Pumpkin Run 5k,Yes
2026,Geovanni,Munoz,Hillister,TX,US,77624,M,22,The Big Pumpkin Run 5k,Yes
2026,Ty,Jones,Buna,TX,US,77612,M,13,The Big Pumpkin Run 5k,Yes
2026,SHUVA,CHOWDHURY,Beaumont,TX,US,77713,M,40,The Big Pumpkin Run 5k,Yes
2026,NRIPEN,CHOWDHURY,Dhaka,,BD,1207,M,75,The Big Pumpkin Run 5k,Yes
2026,Julianna,Candelaria,Beaumont,TX,US,77713,F,18,The Big Pumpkin Run 5k,Yes
2026,Jose,Lopez,Texas City,TX,US,77568,M,42,The Big Pumpkin Run 5k,Yes
2026,Alicia,Flores,Beaumont,TX,US,77701,F,56,The Big Pumpkin Run 5k,Yes
2026,Jacob,Foreman,Orange,TX,US,77632,M,14,The Big Pumpkin Run 5k,Yes
2026,Patricia,Bonilla,Port Arthur,TX,US,77640,F,32,The Big Pumpkin Run 5k,Yes
2026,Cynthia,Laurel,Sulphur,LA,US,70663,F,51,The Big Pumpkin Run 5k,Yes
2026,Kristian,Platt,Port Arthur,TX,US,77642,F,40,The Big Pumpkin Run 5k,Yes
2026,Susan,Craig,Soldotna,AK,US,99669,F,57,The Big Pumpkin Run 5k,Yes
2026,KIM,NGUYEN,China,TX,US,77613,F,52,The Big Pumpkin Run 5k,Yes
2026,Laura,Hayek,Austin,TX,US,78739,F,55,The Big Pumpkin Run 5k,Yes
2026,Joby,Richard,Reeves,LA,US,70658,M,40,The Big Pumpkin Run 5k,Yes
2026,Kloe,Smith,Vidor,TX,US,77662,F,24,The Big Pumpkin Run 5k,Yes
2026,Pj,Lizo,Beaumont,TX,US,77703,F,29,The Big Pumpkin Run 5k,Yes
2026,John,Tullier,Vidor,TX,US,77662,M,43,The Big Pumpkin Run 5k,Yes
2026,Jovane,Samuels,Beaumont,TX,US,77706,M,25,The Big Pumpkin Run 5k,Yes
2026,Kyleigh,Hamilton,Beaumont,TX,US,77706,F,23,The Big Pumpkin Run 5k,Yes
2026,Jennafer,Hamilton,Beaumont,TX,US,77706,F,50,The Big Pumpkin Run 5k,Yes
2026,Michael,Thompson,Vidor,TX,US,77662,M,39,The Big Pumpkin Run 5k,Yes
2026,Bill,Thompson,Vidor,TX,US,77662,M,12,The Big Pumpkin Run 5k,Yes
2026,Samantha,Rosalez,Groves,TX,US,77619,F,41,The Big Pumpkin Run 5k,Yes
2026,Maria,Morin,Pasadena,TX,US,77507,F,52,The Big Pumpkin Run 5k,Yes
2026,Norma,Vazquez,Houston,TX,US,77089,F,55,The Big Pumpkin Run 5k,Yes
2026,Valeria,Perez,Columbus,OH,US,43220,F,28,The Big Pumpkin Run 5k,Yes
2026,Shelby,Dickerson,Plaquemine,LA,US,70764,F,33,The Big Pumpkin Run 5k,Yes
2026,Colin,Yohe,Groves,TX,US,77619,M,37,The Big Pumpkin Run 5k,Yes
2026,David,Iribarren,Beaumont,TX,US,77706,M,14,The Big Pumpkin Run 5k,Yes
2026,Paul,Glazener,Liberty,TX,US,77575,M,39,The Big Pumpkin Run 5k,Yes
2026,Giana,Glazener,Liberty,TX,US,77575,F,10,The Big Pumpkin Run 5k,Yes
2026,Michelle,Meadows,Liberty,TX,US,77575,F,28,The Big Pumpkin Run 5k,Yes
2026,Nhu,Pham,Beaumont,TX,US,77703,M,37,The Big Pumpkin Run 5k,Yes
2026,Sandra,Venegas,Beaumont,TX,US,77705,F,37,The Big Pumpkin Run 5k,Yes
2026,Elias,Cordero,Beaumont,TX,US,77705,M,12,The Big Pumpkin Run 5k,Yes
2026,Kimberly,Treibel,Sour Lake,TX,US,77659,F,37,The Big Pumpkin Run 5k,Yes
2026,Hugo,Sanchez,Lumberton,TX,US,77657,M,51,The Big Pumpkin Run 5k,Yes
2026,Christopher,Rodriguez,Beaumont,TX,US,77713,M,28,The Big Pumpkin Run 5k,Yes
2026,Daniella,Rodriguez,Beaumont,TX,US,77713,F,30,The Big Pumpkin Run 5k,Yes
2026,Wally,Padilla,Port Arthur,TX,US,77642,F,52,The Big Pumpkin Run 5k,Yes
2026,Kirk,Watts,Friendswood,TX,US,77546,M,43,The Big Pumpkin Run 5k,Yes
2026,Hannah,Thomas,Friendswood,TX,US,77546,F,15,The Big Pumpkin Run 5k,Yes
2026,Haven,Watts,Friendswood,TX,US,77546,F,37,The Big Pumpkin Run 5k,Yes
2026,Zoey,Torres,Friendswood,TX,US,77546,F,15,The Big Pumpkin Run 5k,Yes
2026,Jose,Gonzalez,Port Arthur,TX,US,77642,M,27,The Big Pumpkin Run 5k,Yes
2026,Ashton,Grant,Port Neches,TX,US,77651,M,28,The Big Pumpkin Run 5k,Yes
2026,Gary,Deese,Nederland,TX,US,77627,M,58,The Big Pumpkin Run 5k,Yes
2026,Logan,Guerra,Port Neches,TX,US,77651,M,14,The Big Pumpkin Run 5k,Yes
2026,Lucas,Guerra,Port Neches,TX,US,77651,M,15,The Big Pumpkin Run 5k,Yes
2026,Ashton,Reasons,Bridge City,TX,US,77611,M,35,The Big Pumpkin Run 5k,Yes
2026,Gregory,Morris,Beaumont,TX,US,77706,M,26,The Big Pumpkin Run 5k,Yes
2026,Zach,Thibodeaux,Nederland,TX,US,77627,M,32,The Big Pumpkin Run 5k,Yes
2026,Kyle,Richard,Beaumont,TX,US,77706,M,34,The Big Pumpkin Run 5k,Yes
2026,Marren,Crawford,Orange,TX,US,77632,F,15,The Big Pumpkin Run 5k,Yes
2026,Hayes,Crawford,Orange,TX,US,77632,M,12,The Big Pumpkin Run 5k,Yes
2026,Heather,Dugger,Port Neches,TX,US,77651,F,48,The Big Pumpkin Run 5k,Yes
2026,Travis,Dugger,Port Neches,TX,US,77651,M,48,The Big Pumpkin Run 5k,Yes
2026,Jillian,Hamilton,Port Neches,TX,US,77651,F,38,The Big Pumpkin Run 5k,Yes
2026,Jennifer,Hamilton,Port Neches,TX,US,77651,F,44,The Big Pumpkin Run 5k,Yes
2026,Barbara,McAllister,Groves,TX,US,77619,F,58,The Big Pumpkin Run 5k,Yes
2026,Shanette,Whitmore,Houston,TX,US,77057,F,31,The Big Pumpkin Run 5k,Yes
2026,James,Whitmore,Houston,TX,US,77057,M,34,The Big Pumpkin Run 5k,Yes
2026,Harlie,Claborn,Bridge City,TX,US,77611,F,32,The Big Pumpkin Run 5k,Yes
2026,Fay,Guillory,Beaumont,TX,US,77705,F,66,The Big Pumpkin Run 5k,Yes
2026,Edwin,Linarte,Port Arthur,TX,US,77642,M,37,The Big Pumpkin Run 5k,Yes
2026,Ana,Maldonado,Port Arthur,TX,US,77642,F,45,The Big Pumpkin Run 5k,Yes
2026,Waleksa,Rodríguez,Port Arthur,TX,US,77642,F,39,The Big Pumpkin Run 5k,Yes
2026,Rob,Florer,Sour Lake,TX,US,77659,M,53,The Big Pumpkin Run 5k,Yes
2026,Carter,Manley,Nederland,TX,US,77627,M,8,The Big Pumpkin Run 5k,Yes
2026,Taylor,Manley,Nederland,TX,US,77627,F,29,The Big Pumpkin Run 5k,Yes
2026,Deborah,Figueroa-Cruz,Houston,TX,US,77031,F,40,The Big Pumpkin Run 5k,Yes
2026,Jose,Patricio,Houston,TX,US,77031,M,39,The Big Pumpkin Run 5k,Yes
2026,Paige,Duhon,Beaumont,TX,US,77706,F,30,The Big Pumpkin Run 5k,Yes
2026,Brooke,Goforth,Beaumont,TX,US,77706,F,27,The Big Pumpkin Run 5k,Yes
2026,Catherine,Pablo,Nederland,TX,US,77627,F,39,The Big Pumpkin Run 5k,Yes
2026,Cecilia,Pompa,Port Arthur,TX,US,77642,F,38,The Big Pumpkin Run 5k,Yes
2026,Huyen,Prevost,Port Arthur,TX,US,77642,F,40,The Big Pumpkin Run 5k,Yes
2026,Rendi,Seahorn,Big Sandy,TX,US,75755,F,19,The Big Pumpkin Run 5k,Yes
2026,Walter,Phillips,Beaumont,TX,US,77706,M,47,The Big Pumpkin Run 5k,Yes
2026,Elijah,Phillips,Beaumont,TX,US,77706,M,15,The Big Pumpkin Run 5k,Yes
2026,Ashton,Lane,Bridge City,TX,US,77611,M,17,The Big Pumpkin Run 5k,Yes
2026,Zujeily,Aviles,Groves,TX,US,77619,F,29,The Big Pumpkin Run 5k,Yes
2026,Stacy,Havens,Beaumont,TX,US,77705,F,50,The Big Pumpkin Run 5k,Yes
2026,Yessica,Quiroz,Beaumont,TX,US,77708,F,36,The Big Pumpkin Run 5k,Yes
2026,Joerence,Gutierrez,Orange,TX,US,77632,M,19,The Big Pumpkin Run 5k,Yes
2026,Taylor,Wilson,Beaumont,TX,US,77706,M,29,The Big Pumpkin Run 5k,Yes
2026,Berenice,Lee,Beaumont,TX,US,77707,F,30,The Big Pumpkin Run 5k,Yes
2026,Joshua,Lee,Beaumont,TX,US,77707,M,31,The Big Pumpkin Run 5k,Yes
2026,Estefany,Velazquez,Port Arthur,TX,US,77642,F,22,The Big Pumpkin Run 5k,Yes
2026,Jesenia,Barrera,Port Arthur,TX,US,77642,F,35,The Big Pumpkin Run 5k,Yes
2026,Meghan,Ancelet,Nederland,TX,US,77627,F,41,The Big Pumpkin Run 5k,Yes
2026,Jose,Garcia,Pasadena,TX,US,77506,M,28,The Big Pumpkin Run 5k,Yes
2026,Gladys,Trejo,Groves,TX,US,77619,F,32,The Big Pumpkin Run 5k,Yes
2026,Luis,Rangel,Groves,TX,US,77619,M,57,The Big Pumpkin Run 5k,Yes
2026,Alexander,Saucedo,Port Arthur,TX,US,77642,M,23,The Big Pumpkin Run 5k,Yes
2026,Katelyn,Glazener,Liberty,TX,US,77575,F,34,The Big Pumpkin Run 5k,Yes
2026,Adelaide,Glazener,Liberty,TX,US,77575,F,14,The Big Pumpkin Run 5k,Yes
2026,Jacob,Lewis,Groves,TX,US,77619,M,26,The Big Pumpkin Run 5k,Yes
2026,Yessenia,Torres,Port Arthur,TX,US,77640,F,31,The Big Pumpkin Run 5k,Yes
2026,Cindy,Copeland,Kountze,TX,US,77625,F,64,The Big Pumpkin Run 5k,Yes
2026,Karen,Sandoval,Beaumont,TX,US,77705,F,28,The Big Pumpkin Run 5k,Yes
2026,Magdalena,Moran,Port Neches,TX,US,77651,F,39,The Big Pumpkin Run 5k,Yes
2026,Irene,Lazo,Port Arthur,TX,US,77642,F,30,The Big Pumpkin Run 5k,Yes
2026,Omar,Figueroa,Port Arthur,TX,US,77642,M,32,The Big Pumpkin Run 5k,Yes
2026,Nathen,Claussen,Buna,TX,US,77612,M,17,The Big Pumpkin Run 5k,Yes
2026,Cannon,Hein,Buna,TX,US,77612,M,15,The Big Pumpkin Run 5k,Yes
2026,Jeffery,Livingston,Beaumont,TX,US,77706,M,49,The Big Pumpkin Run 5k,Yes
2026,Kenyetta,Cole,Port Arthur,TX,US,77640,F,30,The Big Pumpkin Run 5k,Yes
2026,Parker,Harris,Buna,TX,US,77612,M,16,The Big Pumpkin Run 5k,Yes
2026,Javier,Gutierrez,Port Arthur,TX,US,77640,M,33,The Big Pumpkin Run 5k,Yes
2026,Ashley,Richardson,Port Neches,TX,US,77651,F,33,The Big Pumpkin Run 5k,Yes
2026,Michael,chambers,Port Arthur,TX,US,77642,M,71,The Big Pumpkin Run 5k,Yes
2026,KARLA,PEREZ,Port Arthur,TX,US,77642,F,30,The Big Pumpkin Run 5k,Yes
2026,Jonathan,Castillo,Port Arthur,TX,US,77642,M,31,The Big Pumpkin Run 5k,Yes
2026,Colton,Barrera,Groves,TX,US,77619,M,33,The Big Pumpkin Run 5k,Yes
2026,Krisna,Phillips,Beaumont,TX,US,77706,F,45,The Big Pumpkin Run 5k,Yes
2026,Iain,Murdock,Port Arthur,TX,US,77640,M,12,The Big Pumpkin Run 5k,Yes
2026,Anna,Zamora,Port Arthur,TX,US,77642,F,56,The Big Pumpkin Run 5k,Yes
2026,Jessica,Leal,Port Arthur,TX,US,77640,F,33,The Big Pumpkin Run 5k,Yes
2026,Cortney,Duncan,Orange,TX,US,77632,F,34,The Big Pumpkin Run 5k,Yes
2026,Brenda,Salazar S.,Naranja,TX,US,77632,F,33,The Big Pumpkin Run 5k,Yes
2026,Diana,Zertuche,Beaumont,TX,US,77706,F,38,The Big Pumpkin Run 5k,Yes
2026,Fernando,Regalado,Bacliff,TX,US,77518,M,30,The Big Pumpkin Run 5k,Yes
2026,Bessy,Regalado,Bacliff,TX,US,77518,F,28,The Big Pumpkin Run 5k,Yes
2026,Chad,Gary,Groves,TX,US,77619,M,47,The Big Pumpkin Run 5k,Yes
2026,Mattie,Jordan,Port Neches,TX,US,77651,F,37,The Big Pumpkin Run 5k,Yes
2026,Michelle,Richard,Gueydan,LA,US,70542,F,57,The Big Pumpkin Run 5k,Yes
2026,Uziel,Flores,Port Arthur,TX,US,77642,M,43,The Big Pumpkin Run 5k,Yes
2026,Daniel,Flores,Port Arthur,TX,US,77642,M,14,The Big Pumpkin Run 5k,Yes
2026,Uziel jr,Flores,Port Arthur,TX,US,77642,M,18,The Big Pumpkin Run 5k,Yes
2026,Jacqueline,Flores,Port Arthur,TX,US,77642,F,35,The Big Pumpkin Run 5k,Yes
2026,Monty,English,Lumberton,TX,US,77657,M,34,The Big Pumpkin Run 5k,Yes
2026,Bruce,Hodge,Beaumont,TX,US,77706,M,55,The Big Pumpkin Run 5k,Yes
2026,Carson,Gilbert,Buna,TX,US,77612,M,13,The Big Pumpkin Run 5k,Yes
2026,Taran,Hebert,Orange,TX,US,77630,M,48,The Big Pumpkin Run 5k,Yes
2026,Hannah,Hebert,Orange,TX,US,77630,F,14,The Big Pumpkin Run 5k,Yes
2026,Jaylon,Gasper,Port Arthur,TX,US,77642,M,29,The Big Pumpkin Run 5k,Yes
2026,Gunner,Hansen,Beaumont,TX,US,77708,M,34,The Big Pumpkin Run 5k,Yes
2026,Alexandria,Lewis,Beaumont,TX,US,77706,F,29,The Big Pumpkin Run 5k,Yes
2026,Kamerin,Queen,Orange,TX,US,77630,F,24,The Big Pumpkin Run 5k,Yes
2026,Tim,Williams,Nederland,TX,US,77627,M,56,The Big Pumpkin Run 5k,Yes
2026,Bradley,Meadows,Liberty,TX,US,77575,M,26,The Big Pumpkin Run 5k,Yes
2026,David,James,Lumberton,TX,US,77657,M,55,The Big Pumpkin Run 5k,Yes
2026,Martha,Camarillo,Nederland,TX,US,77627,F,36,The Big Pumpkin Run 5k,Yes
2026,Thomas,Theriot,Buna,TX,US,77612,M,13,The Big Pumpkin Run 5k,Yes
2026,John,Hayek,Austin,TX,US,78739,M,58,The Big Pumpkin Run 5k,Yes
2026,Jay,Dubrow,La Porte,TX,US,77571,M,30,The Big Pumpkin Run 5k,Yes
2026,Christine,Sump,Pasadena,TX,US,77504,F,37,Virtual 5k,Yes
2026,James,Sankey,New Caney,TX,US,77357,M,54,Virtual 5k,Yes
2026,Stacy,White,Baytown,TX,US,77521,F,35,Virtual 5k,Yes
2026,Melanie,Holland,Nome,TX,US,77629,F,66,Virtual 5k,Yes
2026,Noe,Trejo,New Caney,TX,US,77357,M,25,Virtual 5k,Yes
2026,Gloria,Vega,PasadenaPasadena,TX,US,77502,F,52,Virtual 5k,Yes
2026,Dominique,Kilgore-Moore,Tulsa,OK,US,74107,F,24,Virtual 5k,Yes
2026,Arjay,Junior,Kingwood,TX,US,77339,M,43,Virtual 5k,Yes
2026,Mark,Walles,Orange,TX,US,77630,M,63,Virtual 5k,Yes
2026,JAVIER,GARCIA,Bridge City,TX,US,77611,M,62,Virtual 5k,Yes
2025,Wayne,Duke,Vidor,TX,US,77662,M,7,The Big Pumpkin Kids K,Yes
2025,Ava,Files,Port Arthur,TX,US,77640,F,10,The Big Pumpkin Kids K,Yes
2025,Sophia,Sosa,Port Neches,TX,US,77651,F,10,The Big Pumpkin Kids K,Yes
2025,Noah,Brevell,Vidor,TX,US,77662,M,7,The Big Pumpkin Kids K,Yes
2025,Elliot,Booker,Beaumont,TX,US,77706,M,7,The Big Pumpkin Kids K,Yes
2025,Kyrin,Elia,Orange,TX,US,77632,M,4,The Big Pumpkin Kids K,Yes
2025,Krislynn,Elia,Orange,TX,US,77632,F,8,The Big Pumpkin Kids K,Yes
2025,Victory,Thomas,Buna,TX,US,77612,F,10,The Big Pumpkin Kids K,Yes
2025,Nathan,Files,Port Arthur,TX,US,77640,M,12,The Big Pumpkin Kids K,Yes
2025,Brayden,Pulliam,Bridge City,TX,US,77611,M,10,The Big Pumpkin Kids K,Yes
2025,Brennen,Claborn,Bridge City,TX,US,77611,M,10,The Big Pumpkin Kids K,Yes
2025,Sterling,Burch,Orange,TX,US,77632,M,10,The Big Pumpkin Kids K,Yes
2025,Diana,Powell,Silsbee,TX,US,77656,F,5,The Big Pumpkin Kids K,Yes
2025,Travis,Nguyen,Port Neches,TX,US,77651,M,9,The Big Pumpkin Kids K,Yes
2025,Brooks,Gonzales,Orange,TX,US,77632,M,5,The Big Pumpkin Kids K,Yes
2025,Bill,Thompson,Vidor,TX,US,77662,M,11,The Big Pumpkin Kids K,Yes
2025,Heather,Hatfield,Deer Park,TX,US,77536,F,44,The Big Pumpkin Run 5k,Yes
2025,Phyllis,McSpadden,Pasadena,TX,US,77502,F,70,The Big Pumpkin Run 5k,Yes
2025,Carter,Hatfield,Deer Park,TX,US,77536,M,13,The Big Pumpkin Run 5k,Yes
2025,Riley,Hatfield,Deer Park,TX,US,77536,M,15,The Big Pumpkin Run 5k,Yes
2025,Heather,Watson,Vidor,TX,US,77662,F,37,The Big Pumpkin Run 5k,Yes
2025,Corey,McSpadden,Orange,TX,US,77632,M,38,The Big Pumpkin Run 5k,Yes
2025,Lucy,McSpadden,Orange,TX,US,77632,F,39,The Big Pumpkin Run 5k,Yes
2025,Aria,McSpadden,Orange,TX,US,77632,F,7,The Big Pumpkin Run 5k,Yes
2025,Marc,Ivey,Lake Charles,LA,US,70605,M,62,The Big Pumpkin Run 5k,Yes
2025,Missy,Ivey,Lake Charles,LA,US,70605,F,55,The Big Pumpkin Run 5k,Yes
2025,Eddie,Trevino,Beaumont,TX,US,77708,M,65,The Big Pumpkin Run 5k,Yes
2025,Catherine,Trevino,Beaumont,TX,US,77708,F,61,The Big Pumpkin Run 5k,Yes
2025,Stacy,White,Baytown,TX,US,77521,F,34,The Big Pumpkin Run 5k,Yes
2025,Clay,Bean,Orange,TX,US,77630,M,50,The Big Pumpkin Run 5k,Yes
2025,Terra,Felice,Starks,LA,US,70661,F,50,The Big Pumpkin Run 5k,Yes
2025,Denise,Day,Bridge City,TX,US,77611,F,40,The Big Pumpkin Run 5k,Yes
2025,Hunter,Day,Bridge City,TX,US,77611,M,5,The Big Pumpkin Run 5k,Yes
2025,Sydney,Simmons,Bridge City,TX,US,77611,F,68,The Big Pumpkin Run 5k,Yes
2025,Michael,Sonier,Lumberton,TX,US,77657,M,46,The Big Pumpkin Run 5k,Yes
2025,Teresa,Sonier,Lumberton,TX,US,77657,F,39,The Big Pumpkin Run 5k,Yes
2025,Chloe,Overstreet,Bridge City,TX,US,77611,F,22,The Big Pumpkin Run 5k,Yes
2025,Briana,Toribio,Houston,TX,US,77057,F,28,The Big Pumpkin Run 5k,Yes
2025,Elizabeth,Genuardi,Beaumont,TX,US,77707,F,38,The Big Pumpkin Run 5k,Yes
2025,Jillian,Birtciel,Vidor,TX,US,77662,F,48,The Big Pumpkin Run 5k,Yes
2025,Mark,Netterville,Lumberton,TX,US,77657,M,65,The Big Pumpkin Run 5k,Yes
2025,Vicky,Netterville,Lumberton,TX,US,77657,F,66,The Big Pumpkin Run 5k,Yes
2025,Jimmy,Hamm,Beaumont,TX,US,77706,M,60,The Big Pumpkin Run 5k,Yes
2025,David,Bruno,Vinton,LA,US,70668,M,33,The Big Pumpkin Run 5k,Yes
2025,Mark,Canales,Bridge City,TX,US,77611,M,48,The Big Pumpkin Run 5k,Yes
2025,Jennifer,Canales,Converse,TX,US,78109,F,48,The Big Pumpkin Run 5k,Yes
2025,James,Broussard,Orange,TX,US,77632,M,49,The Big Pumpkin Run 5k,Yes
2025,Becky,Howlett,Vidor,TX,US,77662,F,65,The Big Pumpkin Run 5k,Yes
2025,Buddy,Howlett,Vidor,TX,US,77662,M,67,The Big Pumpkin Run 5k,Yes
2025,Laura,Hernandez,Beaumont,TX,US,77701,F,30,The Big Pumpkin Run 5k,Yes
2025,Dolores,Castillo,Beaumont,TX,US,77708,F,30,The Big Pumpkin Run 5k,Yes
2025,Karla,Perez,Port Arthur,TX,US,77642,F,29,The Big Pumpkin Run 5k,Yes
2025,Jonathan,Castillo,Port Arthur,TX,US,77642,M,30,The Big Pumpkin Run 5k,Yes
2025,Laura,Robinson,Orange,TX,US,77630,F,45,The Big Pumpkin Run 5k,Yes
2025,Austin,Robinson,OrangeOrange,TX,US,77630,M,19,The Big Pumpkin Run 5k,Yes
2025,Maureen,Woods,Orange,TX,US,77630,F,55,The Big Pumpkin Run 5k,Yes
2025,Jacy,Woods,Orange,TX,US,77630,F,24,The Big Pumpkin Run 5k,Yes
2025,Katy,Edgerly,Orange,TX,US,77632,F,37,The Big Pumpkin Run 5k,Yes
2025,Chris,Heisner,Magnolia,TX,US,77354,M,50,The Big Pumpkin Run 5k,Yes
2025,Tish,Jones,Magnolia,TX,US,77354,F,50,The Big Pumpkin Run 5k,Yes
2025,Catie,Camden,Magnolia,TX,US,77354,F,22,The Big Pumpkin Run 5k,Yes
2025,Deborah,Nesbitt,Nederland,TX,US,77627,F,63,The Big Pumpkin Run 5k,Yes
2025,Kirk,Nesbitt,Nederland,TX,US,77627,M,65,The Big Pumpkin Run 5k,Yes
2025,Mike,Moss,Beaumont,TX,US,77706,M,48,The Big Pumpkin Run 5k,Yes
2025,Kathryn,Moss,Beaumont,TX,US,77706,F,43,The Big Pumpkin Run 5k,Yes
2025,Pam,Guidry,Orange,TX,US,77630,F,67,The Big Pumpkin Run 5k,Yes
2025,Christine,Hartt,Orange,TX,US,77630,F,57,The Big Pumpkin Run 5k,Yes
2025,Remington,Dehm,Cypress,TX,US,77429,M,26,The Big Pumpkin Run 5k,Yes
2025,JAVIER,GARCIA,Bridge City,TX,US,77611,M,61,The Big Pumpkin Run 5k,Yes
2025,Stephen,Ohnheiser,Bridge City,TX,US,77611,M,59,The Big Pumpkin Run 5k,Yes
2025,Amber,Odom,Kirbyville,TX,US,75956,F,26,The Big Pumpkin Run 5k,Yes
2025,Amanda,Gray,Kirbyville,TX,US,75956,F,31,The Big Pumpkin Run 5k,Yes
2025,Kathleen,Riggle,Nederland,TX,US,77627,F,48,The Big Pumpkin Run 5k,Yes
2025,Chris,Riggle,Nederland,TX,US,77627,M,49,The Big Pumpkin Run 5k,Yes
2025,Emily,Campbell,Port Neches,TX,US,77651,F,34,The Big Pumpkin Run 5k,Yes
2025,Brandee,Meguess,Starks,LA,US,70661,F,33,The Big Pumpkin Run 5k,Yes
2025,Jeff,Garmon,Orange,TX,US,77632,M,51,The Big Pumpkin Run 5k,Yes
2025,Jerry,Loncon,Groves,TX,US,77619,M,59,The Big Pumpkin Run 5k,Yes
2025,Julie,Loncon,Groves,TX,US,77619,F,61,The Big Pumpkin Run 5k,Yes
2025,Craig,Gatte,Orange,TX,US,77632,M,35,The Big Pumpkin Run 5k,Yes
2025,Beverly,Francis,Orange,TX,US,77630,F,52,The Big Pumpkin Run 5k,Yes
2025,Alannah,Courtney,Tatum,TX,US,75691,F,24,The Big Pumpkin Run 5k,Yes
2025,Brooke,Duke,Vidor,TX,US,77662,F,34,The Big Pumpkin Run 5k,Yes
2025,Jennifer,Batuyong,Groves,TX,US,77619,F,43,The Big Pumpkin Run 5k,Yes
2025,Melany,Monson,Orange,TX,US,77632,F,35,The Big Pumpkin Run 5k,Yes
2025,Dennis,Durkee,Beaumont,TX,US,77706,M,69,The Big Pumpkin Run 5k,Yes
2025,Lori,Frederick,Orange,TX,US,77632,F,63,The Big Pumpkin Run 5k,Yes
2025,Allen,Wrinkle,Leblanc,LA,US,70651,M,60,The Big Pumpkin Run 5k,Yes
2025,Guillermo,Ortega,Orange,TX,US,77630,M,29,The Big Pumpkin Run 5k,Yes
2025,Brittney,Findley,The woodlands,TX,US,77382,F,39,The Big Pumpkin Run 5k,Yes
2025,Sherri,Wood,Kountze,TX,US,77625,F,52,The Big Pumpkin Run 5k,Yes
2025,Matthew,Wood,Kountze,TX,US,77625,M,10,The Big Pumpkin Run 5k,Yes
2025,Allyson,Welch,Orange,TX,US,77632,F,17,The Big Pumpkin Run 5k,Yes
2025,Bill,Courtney,Orange,TX,US,77630,M,53,The Big Pumpkin Run 5k,Yes
2025,Lara,Alexander,Orange,TX,US,77630,F,56,The Big Pumpkin Run 5k,Yes
2025,Deborah,Hendrix,Sour Lake,TX,US,77659,F,64,The Big Pumpkin Run 5k,Yes
2025,Tori,Biddle,Beaumont,TX,US,77713,F,30,The Big Pumpkin Run 5k,Yes
2025,Natalie,Shue,Orange,TX,US,77632,F,25,The Big Pumpkin Run 5k,Yes
2025,Mikaela,Gonzales,Orange,TX,US,77632,F,28,The Big Pumpkin Run 5k,Yes
2025,Felipe Vladimiro,Perez Correa,Port Neches,TX,US,77651,M,48,The Big Pumpkin Run 5k,Yes
2025,Grant,Guidry,Bridge City,TX,US,77611,M,26,The Big Pumpkin Run 5k,Yes
2025,Cassandra,Stanley,Vidor,TX,US,77662,F,42,The Big Pumpkin Run 5k,Yes
2025,Amy,Prouse,Orange,TX,US,77630,F,61,The Big Pumpkin Run 5k,Yes
2025,Shanna,Welch,Orange,TX,US,77630,F,55,The Big Pumpkin Run 5k,Yes
2025,Angela,Jordan,OrangeOrange,TX,US,77630,F,59,The Big Pumpkin Run 5k,Yes
2025,Melissa,Bland,Orange,TX,US,77630,F,55,The Big Pumpkin Run 5k,Yes
2025,Maria,Klinkhammer,Orange,TX,US,77630,F,56,The Big Pumpkin Run 5k,Yes
2025,Cindy,Dozier,Vidor,TX,US,77662,F,44,The Big Pumpkin Run 5k,Yes
2025,Denise,Gilbreath,Vidor,TX,US,77662,F,54,The Big Pumpkin Run 5k,Yes
2025,Abby,Sanchez,Groves,TX,US,77619,F,36,The Big Pumpkin Run 5k,Yes
2025,Connie,Claborn,Bridge City,TX,US,77611,F,40,The Big Pumpkin Run 5k,Yes
2025,Kendra,Queen,Orange,TX,US,77630,F,49,The Big Pumpkin Run 5k,Yes
2025,Kamerin,Queen,Orange,TX,US,77630,F,23,The Big Pumpkin Run 5k,Yes
2025,Jacob,Foreman,Orange,TX,US,77632,M,13,The Big Pumpkin Run 5k,Yes
2025,Rachel,Simnitt,Orange,TX,US,77630,F,27,The Big Pumpkin Run 5k,Yes
2025,Connor,Simnitt,Orange,TX,US,77630,M,26,The Big Pumpkin Run 5k,Yes
2025,Marren,Crawford,Orange,TX,US,77632,F,14,The Big Pumpkin Run 5k,Yes
2025,Kent,Simnitt,San Antonio,TX,US,78216,M,62,The Big Pumpkin Run 5k,Yes
2025,Kash,Stringer,Beaumont,TX,US,77713,M,12,The Big Pumpkin Run 5k,Yes
2025,Pam,Herndon,Orange,TX,US,77632,F,51,The Big Pumpkin Run 5k,Yes
2025,Chase,Peacock,Orange,TX,US,77632,M,16,The Big Pumpkin Run 5k,Yes
2025,Victoria,Jackson,Orange,TX,US,77630,F,27,The Big Pumpkin Run 5k,Yes
2025,Clem,Chesson,Port Neches,TX,US,77651,F,69,The Big Pumpkin Run 5k,Yes
2025,Luisa,Plata,Orange,TX,US,77630,F,29,The Big Pumpkin Run 5k,Yes
2025,Stephanie,Speece,Vidor,TX,US,77662,F,46,The Big Pumpkin Run 5k,Yes
2025,Joseph,Bloodworth II,Orange,TX,US,77632,M,28,The Big Pumpkin Run 5k,Yes
2025,Joshua,Phillips,Groves,TX,US,77619,M,45,The Big Pumpkin Run 5k,Yes
2025,Erik,Tutt,Vidor,TX,US,77662,M,31,The Big Pumpkin Run 5k,Yes
2025,Charles,Odland,Phenix City,AL,US,36869,M,55,The Big Pumpkin Run 5k,Yes
2025,Julie,Sandifer,Orange,TX,US,77630,F,50,The Big Pumpkin Run 5k,Yes
2025,Steven,Boudreaux,Sour Lake,TX,US,77659,M,42,The Big Pumpkin Run 5k,Yes
2025,Jovane,Samuels,Beaumont,TX,US,77706,M,24,The Big Pumpkin Run 5k,Yes
2025,Darryl,Fleetwood,Beaumont,TX,US,77708,M,33,The Big Pumpkin Run 5k,Yes
2025,T.,Walden,Nederland,TX,US,77627,M,60,The Big Pumpkin Run 5k,Yes
2025,Jaime,Ochoa,Groves,TX,US,77619,M,34,The Big Pumpkin Run 5k,Yes
2025,Alex,Ochoa,Groves,TX,US,77619,M,32,The Big Pumpkin Run 5k,Yes
2025,Ramiro,Gutierrez,Port Arthur,TX,US,77642,M,34,The Big Pumpkin Run 5k,Yes
2025,Whitney,Blair,Groves,TX,US,77619,F,33,The Big Pumpkin Run 5k,Yes
2025,Corey,Blair,Groves,TX,US,77619,M,35,The Big Pumpkin Run 5k,Yes
2025,Ngan,Pham,Port Arthur,TX,US,77640,F,33,The Big Pumpkin Run 5k,Yes
2025,Ashley,Brevell,Vidor,TX,US,77662,F,32,The Big Pumpkin Run 5k,Yes
2025,Ruby,Elliott,Bridge City,TX,US,77611,F,7,The Big Pumpkin Run 5k,Yes
2025,Charles,Nichols,Port Arthur,TX,US,77642,M,39,The Big Pumpkin Run 5k,Yes
2025,Kendra,De La Fuente,Orange,TX,US,77632,F,31,The Big Pumpkin Run 5k,Yes
2025,Maison,De La Fuente,Orange,TX,US,77632,M,9,The Big Pumpkin Run 5k,Yes
2025,Susan,Grant,Port Neches,TX,US,77651,F,51,The Big Pumpkin Run 5k,Yes
2025,Kai,Whitmire,Buna,TX,US,77612,M,12,The Big Pumpkin Run 5k,Yes
2025,Andrea,Francis,Sulphur,LA,US,70663,F,34,The Big Pumpkin Run 5k,Yes
2025,Mark,Walles,Orange,TX,US,77630,M,62,The Big Pumpkin Run 5k,Yes
2025,Charlotte,Walles,Orange,TX,US,77630,F,61,The Big Pumpkin Run 5k,Yes
2025,Brenda,Salazar S,Orange,TX,US,77632,F,32,The Big Pumpkin Run 5k,Yes
2025,Brenda,Foreman,Orange,TX,US,77630,F,59,The Big Pumpkin Run 5k,Yes
2025,Kristin,Menard,Orange,TX,US,77630,F,38,The Big Pumpkin Run 5k,Yes
2025,Scott,Danks,Nederland,TX,US,77627,M,51,The Big Pumpkin Run 5k,Yes
2025,Melanie,Holland,Nome,TX,US,77629,F,65,The Big Pumpkin Run 5k,Yes
2025,Charlie,Clark,Groves,TX,US,77619,M,17,The Big Pumpkin Run 5k,Yes
2025,Nathan,Aguilar,Groves,TX,US,77619,M,25,The Big Pumpkin Run 5k,Yes
2025,Elizabeth,Flores,Beaumont,TX,US,77701,F,31,The Big Pumpkin Run 5k,Yes
2025,Kimberly,Treibel,Sour Lake,TX,US,77659,F,36,The Big Pumpkin Run 5k,Yes
2025,Hugo,Sanchez,Lumberton,TX,US,77657,M,50,The Big Pumpkin Run 5k,Yes
2025,John,Treibel,Sour Lake,TX,US,77659,M,45,The Big Pumpkin Run 5k,Yes
2025,Parker,Harris,Buna,TX,US,77612,M,15,The Big Pumpkin Run 5k,Yes
2025,Tony,Jones,Sulphur,LA,US,70663,M,32,The Big Pumpkin Run 5k,Yes
2025,Dani,Wyatt,Orange,TX,US,77632,F,24,The Big Pumpkin Run 5k,Yes
2025,Kayin,Mitchell,cove,TX,US,77523,M,26,The Big Pumpkin Run 5k,Yes
2025,Micah,Smith,Lenoir City,TN,US,37771,M,42,The Big Pumpkin Run 5k,Yes
2025,Skylar,Medina,Bridge City,TX,US,77611,F,35,The Big Pumpkin Run 5k,Yes
2025,Billy,Wolcott,Warren,TX,US,77664,M,51,The Big Pumpkin Run 5k,Yes
2025,Nathen,Claussen,Buna,TX,US,77612,M,16,The Big Pumpkin Run 5k,Yes
2025,Nolen,Claussen,Buna,TX,US,77612,M,13,The Big Pumpkin Run 5k,Yes
2025,Amanda,Barrow,Starks,LA,US,70661,F,36,The Big Pumpkin Run 5k,Yes
2025,Jessica,King,Starks,LA,US,70661,F,29,The Big Pumpkin Run 5k,Yes
2025,James,Simmons,Port Neches,TX,US,77651,M,41,The Big Pumpkin Run 5k,Yes
2025,Jaunitha,Arredondo,Port Arthur,TX,US,77640,F,21,The Big Pumpkin Run 5k,Yes
2025,Kristy,Anderson,Orange,TX,US,77632,F,44,The Big Pumpkin Run 5k,Yes
2025,Ryan,Anderson,Orange,TX,US,77632,M,36,The Big Pumpkin Run 5k,Yes
2025,Naomi,Williams,Orange,TX,US,77632,F,33,The Big Pumpkin Run 5k,Yes
2025,Presley,Bell,Beaumont,TX,US,77713,F,28,The Big Pumpkin Run 5k,Yes
2025,Danielle,Files,Nederland,TX,US,77627,F,45,The Big Pumpkin Run 5k,Yes
2025,Adam,Files,Port Arthur,TX,US,77640,M,46,The Big Pumpkin Run 5k,Yes
2025,Valentina,Sosa,Port Neches,TX,US,77651,F,42,The Big Pumpkin Run 5k,Yes
2025,Maribeth,Owens,Lumberton,TX,US,77657,F,14,The Big Pumpkin Run 5k,Yes
2025,Brooke,Weatherford,Woodville,TX,US,75979,F,27,The Big Pumpkin Run 5k,Yes
2025,Chuck,Guilhas,Bridge City,TX,US,77611,M,63,The Big Pumpkin Run 5k,Yes
2025,Charles,Guilhas,Bridge City,TX,US,77611,M,28,The Big Pumpkin Run 5k,Yes
2025,Grady,Hudgins,Vidor,TX,US,77662,M,23,The Big Pumpkin Run 5k,Yes
2025,Keeli,Milligan,Vidor,TX,US,77662,F,29,The Big Pumpkin Run 5k,Yes
2025,Nhu,Pham,Beaumont,TX,US,77703,M,36,The Big Pumpkin Run 5k,Yes
2025,Anthony,Mireles,Beaumont,TX,US,77713,M,71,The Big Pumpkin Run 5k,Yes
2025,Thomas,Tucker,liberty,TX,US,77575,M,37,The Big Pumpkin Run 5k,Yes
2025,Fisher,Murphy,Liberty,TX,US,77575,M,13,The Big Pumpkin Run 5k,Yes
2025,Ashton,Maselli,Liberty,TX,US,77575,M,12,The Big Pumpkin Run 5k,Yes
2025,Dakota,Maselli,Liberty,TX,US,77575,M,14,The Big Pumpkin Run 5k,Yes
2025,Kyler,Bishop,Liberty,TX,US,77575,M,11,The Big Pumpkin Run 5k,Yes
2025,John Micheal,Glazener,liberty,TX,US,77575,M,11,The Big Pumpkin Run 5k,Yes
2025,Mason,Smith,liberty,TX,US,77575,M,17,The Big Pumpkin Run 5k,Yes
2025,Rainey,Trahan,Orange,TX,US,77632,F,27,The Big Pumpkin Run 5k,Yes
2025,Georgia,Osborne,Vidor,TX,US,77662,F,22,The Big Pumpkin Run 5k,Yes
2025,Crystal,Urban,Beaumont,TX,US,77706,F,42,The Big Pumpkin Run 5k,Yes
2025,Cynthia,Laurel,Sulphur,LA,US,70663,F,50,The Big Pumpkin Run 5k,Yes
2025,Britt,Schrumpf,Sulphur,LA,US,70663,M,43,The Big Pumpkin Run 5k,Yes
2025,Caitlyn,Gilbert,Buna,TX,US,77612,F,30,The Big Pumpkin Run 5k,Yes
2025,Brandon,Gilbert,Buna,TX,US,77612,M,31,The Big Pumpkin Run 5k,Yes
2025,Carson,Gilbert,Buna,TX,US,77612,M,12,The Big Pumpkin Run 5k,Yes
2025,Jaelyn,Galley,Kirbyville,TX,US,75956,F,28,The Big Pumpkin Run 5k,Yes
2025,Scottie,Murphy,Liberty,TX,US,77575,F,42,The Big Pumpkin Run 5k,Yes
2025,Greta,Smirh,Bridge City,TX,US,77611,F,60,The Big Pumpkin Run 5k,Yes
2025,Richelle,Blackburn,Nederland,TX,US,77627,F,57,The Big Pumpkin Run 5k,Yes
2025,Isabelle,Volk,Nederland,TX,US,77627,F,24,The Big Pumpkin Run 5k,Yes
2025,Susan,Craig,Dequincy,LA,US,70633,F,56,The Big Pumpkin Run 5k,Yes
2025,James,Ford,Lumberton,TX,US,77657,M,26,The Big Pumpkin Run 5k,Yes
2025,Troy,Maddox,Bridge City,TX,US,77611,M,42,The Big Pumpkin Run 5k,Yes
2025,Amberlyn,Alpers,Bridge City,TX,US,77611,F,35,The Big Pumpkin Run 5k,Yes
2025,Tanner,Harris,Orange,TX,US,77630,M,32,The Big Pumpkin Run 5k,Yes
2025,Mary,Nelson,Port Neches,TX,US,77651,F,64,The Big Pumpkin Run 5k,Yes
2025,Adam,Nemmers,Beaumont,TX,US,77707,M,40,The Big Pumpkin Run 5k,Yes
2025,Lauren,Brooks,Beaumont,TX,US,77707,F,35,The Big Pumpkin Run 5k,Yes
2025,Jessica,Hanka,Beaumont,TX,US,77706,F,53,The Big Pumpkin Run 5k,Yes
2025,Walter,Perez,Groves,TX,US,77619,M,34,The Big Pumpkin Run 5k,Yes
2025,Kinsey,Dryden,Orange,TX,US,77632,F,17,The Big Pumpkin Run 5k,Yes
2025,Tommy,Wendling,Lumberton,TX,US,77657,M,31,The Big Pumpkin Run 5k,Yes
2025,Kaylee,Wendling,Lumberton,TX,US,77657,F,30,The Big Pumpkin Run 5k,Yes
2025,Hope,Wendling,Lumberton,TX,US,77657,F,50,The Big Pumpkin Run 5k,Yes
2025,Hannah,Peoples,Liberty,TX,US,77575,F,32,The Big Pumpkin Run 5k,Yes
2025,Fela,Sandoval,Houston,TX,US,77075,F,54,The Big Pumpkin Run 5k,Yes
2025,Sophia,Alpers,Bridge City,TX,US,77611,F,12,The Big Pumpkin Run 5k,Yes
2025,Cortney,Duncan,Beaumont,TX,US,77707,F,33,The Big Pumpkin Run 5k,Yes
2025,Charles,Skinner,Beaumont,TX,US,77707,M,42,The Big Pumpkin Run 5k,Yes
2025,Robert,Listau,Groves,TX,US,77619,M,44,The Big Pumpkin Run 5k,Yes
2025,Patsy,Listau,Groves,TX,US,77619,F,15,The Big Pumpkin Run 5k,Yes
2025,Scott,Ford,Lumberton,TX,US,77657,M,24,The Big Pumpkin Run 5k,Yes
2025,Eric,Ford,Kirbyville,TX,US,75956,M,57,The Big Pumpkin Run 5k,Yes
2025,JILLIANN,BLAND,Orange,TX,US,77632,F,32,The Big Pumpkin Run 5k,Yes
2025,Jason,Bland,Orange,TX,US,77632,M,32,The Big Pumpkin Run 5k,Yes
2025,Nathan,Bland,Orange,TX,US,77632,M,8,The Big Pumpkin Run 5k,Yes
2025,Elliott,Bland,Orange,TX,US,77632,M,10,The Big Pumpkin Run 5k,Yes
2025,Sandhya,Ong,Orange,TX,US,77632,F,50,The Big Pumpkin Run 5k,Yes
2025,Christopher,Simer,Silsbee,TX,US,77656,M,28,The Big Pumpkin Run 5k,Yes
2025,Jeromy,Buberl,Beaumont,TX,US,77706,M,46,The Big Pumpkin Run 5k,Yes
2025,Haley,Hendrix,Sour Lake,TX,US,77659,F,33,The Big Pumpkin Run 5k,Yes
2025,Antonio,Jaramillo,Port Arthur,TX,US,77642,M,55,The Big Pumpkin Run 5k,Yes
2025,Amber,Bivens,Orange,TX,US,77630,F,37,The Big Pumpkin Run 5k,Yes
2025,Mike,Dunham,Lumberton,TX,US,77657,M,70,The Big Pumpkin Run 5k,Yes
2025,Chae,Crager,Orange,TX,US,77630,F,27,The Big Pumpkin Run 5k,Yes
2025,William,Fountain,Orange,TX,US,77632,M,19,The Big Pumpkin Run 5k,Yes
2025,Aidan,Fountain,Orange,TX,US,77632,M,17,The Big Pumpkin Run 5k,Yes
2025,Eric,Sauerwein,Nederland,TX,US,77627,M,39,The Big Pumpkin Run 5k,Yes
2025,Amanda,Duvail,Beaumont,TX,US,77706,F,31,The Big Pumpkin Run 5k,Yes
2025,NAOMI,TORRES,Nederland,TX,US,77627,F,42,The Big Pumpkin Run 5k,Yes
2025,Frank,Chen,Orange,TX,US,77632,M,62,The Big Pumpkin Run 5k,Yes
2025,Ruth,Delacruz,Port Arthur,TX,US,77640,F,42,The Big Pumpkin Run 5k,Yes
2025,Esther,Delacruz,Nederland,TX,US,77627,F,39,The Big Pumpkin Run 5k,Yes
2025,Samuel,Delacruz-Torres,Nederland,TX,US,77627,M,71,The Big Pumpkin Run 5k,Yes
2025,Jessica,Peet,Orange,TX,US,77630,F,49,The Big Pumpkin Run 5k,Yes
2025,Luke,Fultz,Kirbyville,TX,US,75956,M,23,The Big Pumpkin Run 5k,Yes
2025,Courtney,Shaw,Orange,TX,US,77630,F,45,The Big Pumpkin Run 5k,Yes
2025,Faith,Dixson,Orange,TX,US,77630,F,21,The Big Pumpkin Run 5k,Yes
2025,Jason,Shaw,Orange,TX,US,77630,M,51,The Big Pumpkin Run 5k,Yes
2025,Alycia,Shavers,Katy,TX,US,77449,F,26,The Big Pumpkin Run 5k,Yes
2025,Summer,Anderson,Cottonport,LA,US,71327,F,31,The Big Pumpkin Run 5k,Yes
2025,Hank,Williams,Buna,TX,US,77612,M,16,The Big Pumpkin Run 5k,Yes
2025,Grace,Hernandez,Vinton,LA,US,70668,F,32,The Big Pumpkin Run 5k,Yes
2025,Ingrid,Velasco,Groves,TX,US,77619,F,42,The Big Pumpkin Run 5k,Yes
2025,Sophia,Velasco,Groves,TX,US,77619,F,15,The Big Pumpkin Run 5k,Yes
2025,Omar,Moreno,Port Arthur,TX,US,77640,M,19,The Big Pumpkin Run 5k,Yes
2025,George,Guidry,Bridge City,TX,US,77611,M,81,The Big Pumpkin Run 5k,Yes
2025,Gina,Welborn,Vidor,TX,US,77662,F,63,The Big Pumpkin Run 5k,Yes
2025,Levi,Brewer,Vidor,TX,US,77662,M,12,The Big Pumpkin Run 5k,Yes
2025,Benn,Sanford,Brookeland,TX,US,75931,M,54,The Big Pumpkin Run 5k,Yes
2025,Pamele,Sanford,Brookeland,TX,US,75931,F,53,The Big Pumpkin Run 5k,Yes
2025,Trent,Bickham,OrangeOrange,TX,US,77630,M,40,The Big Pumpkin Run 5k,Yes
2025,Deborah,Figueroa-Cruz,Houston,TX,US,77031,F,39,The Big Pumpkin Run 5k,Yes
2025,Jose,Patricio,Houston,TX,US,77031,M,38,The Big Pumpkin Run 5k,Yes
2025,Jasmine,Patin,Port Arthur,TX,US,77642,F,27,The Big Pumpkin Run 5k,Yes
2025,Jordan,Quarles,Orange,TX,US,77630,M,34,The Big Pumpkin Run 5k,Yes
2025,Amber,Quarles,Orange,TX,US,77630,F,35,The Big Pumpkin Run 5k,Yes
2025,Tim,Hamilton,Orange,TX,US,77632,M,57,The Big Pumpkin Run 5k,Yes
2025,Christi,Reese,Orange,TX,US,77630,F,58,The Big Pumpkin Run 5k,Yes
2025,James,Mumford,Orange,TX,US,77632,M,36,The Big Pumpkin Run 5k,Yes
2025,Wesley,Dorman,Orange,TX,US,77632,M,32,The Big Pumpkin Run 5k,Yes
2025,Osmar,Uresti,Beaumont,TX,US,77705,M,29,The Big Pumpkin Run 5k,Yes
2025,Myiesha,Holloway,Port Arthur,TX,US,77642,F,25,The Big Pumpkin Run 5k,Yes
2025,LeeAnn,Lea,Vidor,TX,US,77662,F,47,The Big Pumpkin Run 5k,Yes
2025,Greg,Lea,Vidor,TX,US,77662,M,54,The Big Pumpkin Run 5k,Yes
2025,Kenneth,Overton,Alvin,TX,US,77511,M,44,The Big Pumpkin Run 5k,Yes
2025,Katherine,Overton,Alvin,TX,US,77511,F,43,The Big Pumpkin Run 5k,Yes
2025,Chris,Overton,Alvin,TX,US,77511,M,15,The Big Pumpkin Run 5k,Yes
2025,Luke,Overton,Alvin,TX,US,77511,M,11,The Big Pumpkin Run 5k,Yes
2025,Mary,Cullather,Beaumont,TX,US,77706,F,66,The Big Pumpkin Run 5k,Yes
2025,Skylar,Murphy,Orange,TX,US,77630,F,32,The Big Pumpkin Run 5k,Yes
2025,Brenda,Murphy,Orange,TX,US,77630,F,69,The Big Pumpkin Run 5k,Yes
2025,Christopher,Cullather,Beaumont,TX,US,77706,M,68,The Big Pumpkin Run 5k,Yes
2025,Ashley,Leibold,Orange,TX,US,77630,F,39,The Big Pumpkin Run 5k,Yes
2025,Gabby,White,Orange,TX,US,77630,F,18,The Big Pumpkin Run 5k,Yes
2025,Francisco,Cazares,Channelview,TX,US,77530,M,33,The Big Pumpkin Run 5k,Yes
2025,Daniel,Rodriguez,Beaumont,TX,US,77713,M,23,The Big Pumpkin Run 5k,Yes
2025,Karen,Gilman,Port Neches,TX,US,77651,F,63,The Big Pumpkin Run 5k,Yes
2025,Jeremy,Page,Buna,TX,US,77612,M,46,The Big Pumpkin Run 5k,Yes
2025,Rodrigo,Garcia,Buna,TX,US,77612,M,14,The Big Pumpkin Run 5k,Yes
2025,Caleb,Woods,Orange,TX,US,77632,M,14,The Big Pumpkin Run 5k,Yes
2025,Michael,Leal,Beaumont,TX,US,77706,M,43,The Big Pumpkin Run 5k,Yes
2025,Preston,Sonier,Lumberton,TX,US,77657,M,13,The Big Pumpkin Run 5k,Yes
2025,Avery,Sonier,Lumberton,TX,US,77657,F,10,The Big Pumpkin Run 5k,Yes
2025,Marta,Pascoa,Sulphur,LA,US,70663,F,24,The Big Pumpkin Run 5k,Yes
2025,Grace,Chen,Orange,TX,US,77632,F,28,The Big Pumpkin Run 5k,Yes
2025,Katie,Barnes,Beaumont,TX,US,77706,F,37,The Big Pumpkin Run 5k,Yes
2025,Donny,Barnes,Beaumont,TX,US,77706,M,10,The Big Pumpkin Run 5k,Yes
2025,Abigail,Sonnier,Orange,TX,US,77632,F,28,The Big Pumpkin Run 5k,Yes
2025,Karen,Ruiz,Orange,TX,US,77630,F,33,The Big Pumpkin Run 5k,Yes
2025,abby,pilgrim,Groves,TX,US,77619,F,18,The Big Pumpkin Run 5k,Yes
2025,Julian,Sanford,Brookeland,TX,US,75931,F,24,The Big Pumpkin Run 5k,Yes
2025,Daniel,Schulenberg,Buna,TX,US,77612,M,16,The Big Pumpkin Run 5k,Yes
2025,Slade,Granger,Orange,TX,US,77630,M,27,The Big Pumpkin Run 5k,Yes
2025,Alfredo,Lara,Orange,TX,US,77632,M,31,The Big Pumpkin Run 5k,Yes
2025,Thuy,Do,Orange,TX,US,77632,F,29,The Big Pumpkin Run 5k,Yes
2025,Megan,Do,Orange,TX,US,77632,F,24,The Big Pumpkin Run 5k,Yes
2025,Rebeca,Parra,Port Neches,TX,US,77651,F,70,The Big Pumpkin Run 5k,Yes
2025,Mariana,Acosta,Bridge City,TX,US,77611,F,49,The Big Pumpkin Run 5k,Yes
2025,Graciela,Garcia,Orange,TX,US,77630,F,27,The Big Pumpkin Run 5k,Yes
2025,Keshia,Hudson,Beaumont,TX,US,77707,F,51,The Big Pumpkin Run 5k,Yes
2025,Mike,Ramirez,Orange,TX,US,77630,M,23,The Big Pumpkin Run 5k,Yes
2025,Taylor,Daugereaux,HackberryHackberry,LA,US,70645,F,33,The Big Pumpkin Run 5k,Yes
2025,Jessica,Kennedy,HackberryHackberry,LA,US,70645,F,41,The Big Pumpkin Run 5k,Yes
2025,Madison,Castillo,Nederland,TX,US,77627,F,26,The Big Pumpkin Run 5k,Yes
2025,Rafael,Diaz,Beaumont,TX,US,77713,M,34,The Big Pumpkin Run 5k,Yes
2025,Lizbeth,Morales,Beaumont,TX,US,77713,F,32,The Big Pumpkin Run 5k,Yes
2025,Jessica,Moore,Orange,TX,US,77630,F,25,The Big Pumpkin Run 5k,Yes
2025,Cherilynn,Blindman,OrangeOrange,TX,US,77632,F,43,The Big Pumpkin Run 5k,Yes
2025,Cazador,Edgerton,Orange,TX,US,77632,M,16,The Big Pumpkin Run 5k,Yes
2025,Stacy,Havens,Beaumont,TX,US,77705,F,49,The Big Pumpkin Run 5k,Yes
2025,Gavin,Nguyen,Beaumont,TX,US,77705,M,13,The Big Pumpkin Run 5k,Yes
2025,Chayse,Linhart,Deer Park,TX,US,77536,M,19,The Big Pumpkin Run 5k,Yes
2025,Kaitlyn,Yoder,West Orange,TX,US,77630,F,24,The Big Pumpkin Run 5k,Yes
2025,Colby,Roberts,West Orange,TX,US,77630,M,25,The Big Pumpkin Run 5k,Yes
2025,Thomas,Nguyen,Port Neches,TX,US,77651,M,18,The Big Pumpkin Run 5k,Yes
2025,Trisha,Nguyen,Port Neches,TX,US,77651,F,12,The Big Pumpkin Run 5k,Yes
2025,Azatiany,Trotter,Port Neches,TX,US,77651,F,52,The Big Pumpkin Run 5k,Yes
2025,Eric,Trotter,Port Neches,TX,US,77651,M,46,The Big Pumpkin Run 5k,Yes
2025,Jose,Carrillo,Nederland,TX,US,77627,M,30,The Big Pumpkin Run 5k,Yes
2025,Michael,Moore,Port Arthur,TX,US,77640,M,40,The Big Pumpkin Run 5k,Yes
2025,Alexis,Jones,Liberty,TX,US,77575,F,30,The Big Pumpkin Run 5k,Yes
2025,Rahul,Patel,Orange,TX,US,77632,M,23,The Big Pumpkin Run 5k,Yes
2025,Sawyer,Bruno,Vinton,LA,US,70668,M,11,The Big Pumpkin Run 5k,Yes
2025,Zach,Thibodeaux,Nederland,TX,US,77627,M,31,The Big Pumpkin Run 5k,Yes
2025,Jania,Wagner,Vidor,TX,US,77662,F,12,The Big Pumpkin Run 5k,Yes
2025,Emiliano,Toscano,Webster,TX,US,77598,M,35,The Big Pumpkin Run 5k,Yes
2025,Diana,Martinez,Port Arthur,TX,US,77642,F,33,The Big Pumpkin Run 5k,Yes
2025,Stormy,Kieschnick,Nederland,TX,US,77627,F,34,The Big Pumpkin Run 5k,Yes
2025,Bodhi,Kieschnick,Nederland,TX,US,77627,M,10,The Big Pumpkin Run 5k,Yes
2025,Indy,Kieschnick,Nederland,TX,US,77627,M,8,The Big Pumpkin Run 5k,Yes
2025,Hayden,George,Orange,TX,US,77630,M,16,The Big Pumpkin Run 5k,Yes
2025,Marisol,Barajas,Groves,TX,US,77619,F,33,The Big Pumpkin Run 5k,Yes
2025,Mari,Torres,Beaumont,TX,US,77705,F,32,The Big Pumpkin Run 5k,Yes
2025,Tammy,Roberts,Orange,TX,US,77630,F,49,The Big Pumpkin Run 5k,Yes
2025,Corinne,Duplan,Orange,TX,US,77632,F,35,The Big Pumpkin Run 5k,Yes
2025,Nicholas,Duplan,Orange,TX,US,77632,M,35,The Big Pumpkin Run 5k,Yes
2025,Chris,Walker,Lumberton,TX,US,77657,M,40,The Big Pumpkin Run 5k,Yes
2025,Harold,Foss Bean IV,Orange,TX,US,77632,M,35,The Big Pumpkin Run 5k,Yes
2025,Rafael,Soto,Groves,TX,US,77619,M,27,The Big Pumpkin Run 5k,Yes
2025,Stephany,Carrillo,Groves,TX,US,77619,F,28,The Big Pumpkin Run 5k,Yes
2025,Micah,Rountree,Beaumont,TX,US,77707,F,19,The Big Pumpkin Run 5k,Yes
2025,Serina,Bland,Orange,TX,US,77630,F,28,The Big Pumpkin Run 5k,Yes
2025,Katelyn,Dickerson,Orange,TX,US,77630,F,28,The Big Pumpkin Run 5k,Yes
2025,Gabrielle,Moore,Orange,TX,US,77632,F,19,The Big Pumpkin Run 5k,Yes
2025,Ben,Moore,Orange,TX,US,77632,M,45,The Big Pumpkin Run 5k,Yes
2025,Zac,Moore,Orange,TX,US,77632,M,16,The Big Pumpkin Run 5k,Yes
2025,Christine,Leever,Orange,TX,US,77630,F,40,The Big Pumpkin Run 5k,Yes
2025,Christopher,Birtciel,Vidor,TX,US,77662,M,45,The Big Pumpkin Run 5k,Yes
2025,Brodie,Fisher,Orange,TX,US,77632,M,16,The Big Pumpkin Run 5k,Yes
2025,Juan,Rodriguez,Beaumont,TX,US,77705,M,29,The Big Pumpkin Run 5k,Yes
2025,Kyle,San Miguel,Port Arthur,TX,US,77642,M,24,The Big Pumpkin Run 5k,Yes
2025,Jordan,Garcia,Pasadena,TX,US,77505,M,15,The Big Pumpkin Run 5k,Yes
2025,Summer,Hackbarth,Orange,TX,US,77630,F,20,The Big Pumpkin Run 5k,Yes
2025,Letasha,Heid,Bridge City,TX,US,77611,F,43,The Big Pumpkin Run 5k,Yes
2025,Cody,Hensley,Beaumont,TX,US,77707,M,43,The Big Pumpkin Run 5k,Yes
2025,Annebeth,Hensley,Beaumont,TX,US,77707,F,16,The Big Pumpkin Run 5k,Yes
2025,Emmelyse,Hensley,Beaumont,TX,US,77707,F,13,The Big Pumpkin Run 5k,Yes
2025,Brandi,Brister,Orange,TX,US,77632,F,37,The Big Pumpkin Run 5k,Yes
2025,Nathaniel,Chinnery,League City,TX,US,77573,M,29,The Big Pumpkin Run 5k,Yes
2025,Olivia,Gravett,Orange,TX,US,77630,F,39,The Big Pumpkin Run 5k,Yes
2025,Kaylea,Gravett,Orange,TX,US,77630,F,19,The Big Pumpkin Run 5k,Yes
2025,Eliese,Gravett,Orange,TX,US,77630,F,16,The Big Pumpkin Run 5k,Yes
2025,Daniel,Lackey,Chandler,OK,US,74834,M,26,The Big Pumpkin Run 5k,Yes
2025,Taylor,Jacquet,Beaumont,TX,US,77701,F,30,The Big Pumpkin Run 5k,Yes
2025,Anselyn,Joya,Beaumont,TX,US,77706,F,35,The Big Pumpkin Run 5k,Yes
2025,Wendy,Brown,Bon Wier,TX,US,75928,F,50,Virtual 5k,Yes
2025,Tami,Hathaway,Beaumont,TX,US,77707,F,59,Virtual 5k,Yes
2025,Brian,Teegardin,Deridder,LA,US,70634,M,53,Virtual 5k,Yes
2025,Kate,Teegardin,Deridder,LA,US,70634,F,27,Virtual 5k,Yes
2025,Zoey,Teegardin,Deridder,LA,US,70634,F,19,Virtual 5k,Yes
2025,Sylvia,Gilmore,Beaumont,TX,US,77706,F,71,Virtual 5k,Yes
2025,William,Gilmore,Beaumont,TX,US,77706,M,72,Virtual 5k,Yes
2025,Aminatta,Kamara,Lumberton,TX,US,77657,F,46,Virtual 5k,Yes
2025,Lisa,Crochett,Beaumont,TX,US,77705,F,63,Virtual 5k,Yes
2025,Mona,Phillips,Groves,TX,US,77619,F,67,Virtual 5k,Yes
2025,Amber,Hicks,Orange,TX,US,77632,F,33,Virtual 5k,Yes
2025,Ava,Anderson,Orange,TX,US,77630,F,17,Virtual 5k,Yes
2025,Diane,Midkiff,Deridder,LA,US,70634,F,67,Virtual 5k,Yes
2024,Brayden,Pulliam,Bridge City,TX,US,77611,M,9,The Big Pumpkin Kids K,Yes
2024,Travis,Nguyen,Port Neches,TX,US,77651,M,8,The Big Pumpkin Kids K,Yes
2024,Trisha,Nguyen,Port Neches,TX,US,77651,F,11,The Big Pumpkin Kids K,Yes
2024,Kion,Liedy,Beaumont,TX,US,77705,M,7,The Big Pumpkin Kids K,Yes
2024,Royce,Cole-Crook,Orange,TX,US,77630,M,9,The Big Pumpkin Kids K,Yes
2024,Jaken,Merritt,Nederland,TX,US,77627,M,12,The Big Pumpkin Kids K,Yes
2024,Sunday,Sandvick,Orange,TX,US,77632,F,4,The Big Pumpkin Kids K,Yes
2024,Bentley,Jackson,Orange,TX,US,77632,F,11,The Big Pumpkin Kids K,Yes
2024,Lyla,Frazier,Orange,TX,US,77632,F,8,The Big Pumpkin Kids K,Yes
2024,Kenadee,Frazier,Orange,TX,US,77632,F,8,The Big Pumpkin Kids K,Yes
2024,Jane,Brimm,Orange,TX,US,77630,F,7,The Big Pumpkin Kids K,Yes
2024,Connor,Marsh,Bridge city,TX,US,77611,M,10,The Big Pumpkin Kids K,Yes
2024,Emily,Marsh,Orange,TX,US,77630,F,6,The Big Pumpkin Kids K,Yes
2024,Sophie,Rench,Lumberton,TX,US,77657,F,11,The Big Pumpkin Kids K,Yes
2024,Marren,Crawford,Orange,TX,US,77632,F,13,The Big Pumpkin Kids K,Yes
2024,Nora,Crawford,Orange,TX,US,77632,F,15,The Big Pumpkin Kids K,Yes
2024,Hayes,Crawford,Orange,TX,US,77632,M,10,The Big Pumpkin Kids K,Yes
2024,Rylen,Welborn,Orange,TX,US,77630,F,9,The Big Pumpkin Kids K,Yes
2024,Charlotte,Clark,Orange,TX,US,77630,F,8,The Big Pumpkin Kids K,Yes
2024,Emma,Clark,Orange,TX,US,77630,F,4,The Big Pumpkin Kids K,Yes
2024,MJ,Reider,Vidor,TX,US,77662,M,11,The Big Pumpkin Kids K,Yes
2024,Keagan,Guillory,Orange,TX,US,77630,M,4,The Big Pumpkin Kids K,Yes
2024,Lillian,Duty,Saratoga,TX,US,77585,F,10,The Big Pumpkin Kids K,Yes
2024,Jordy,Kennon,Orange,TX,US,77630,M,9,The Big Pumpkin Kids K,Yes
2024,Sophia,Paredes-Sosa,Port Neches,TX,US,77651,F,9,The Big Pumpkin Kids K,Yes
2024,Ava,Miller,Dickinson,TX,US,77539,F,9,The Big Pumpkin Kids K,Yes
2024,Kyzer,Miller,Dickinson,TX,US,77539,M,8,The Big Pumpkin Kids K,Yes
2024,Jacob,Foreman,Orange,TX,US,77632,M,12,The Big Pumpkin Kids K,Yes
2024,Mason,Mcreynolds,Orange,TX,US,77632,M,9,The Big Pumpkin Kids K,Yes
2024,Scott,Williams,Beaumont,TX,US,77706,M,37,The Big Pumpkin Run 5k,Yes
2024,Ryan,Justice,Sour Lake,TX,US,77659,M,38,The Big Pumpkin Run 5k,Yes
2024,Rachel,Beck,Orange,TX,US,77630,F,46,The Big Pumpkin Run 5k,Yes
2024,Janet,Gallaway,Anahuac,TX,US,77514,F,60,The Big Pumpkin Run 5k,Yes
2024,Connie,Claborn,Bridge City,TX,US,77611,F,39,The Big Pumpkin Run 5k,Yes
2024,Lisa,Crochett,Beaumont,TX,US,77705,F,62,The Big Pumpkin Run 5k,Yes
2024,Laura,Hernandez,Beaumont,TX,US,77701,F,29,The Big Pumpkin Run 5k,Yes
2024,Gini,Barton,Silsbee,TX,US,77656,F,51,The Big Pumpkin Run 5k,Yes
2024,Haley,Hendrix,Sour Lake,TX,US,77659,F,32,The Big Pumpkin Run 5k,Yes
2024,Saige,Nicholson,Bridge City,TX,US,77611,F,31,The Big Pumpkin Run 5k,Yes
2024,Shay,Fontenot,Lumberton,TX,US,77657,F,42,The Big Pumpkin Run 5k,Yes
2024,Deseray,Lowe,Lumberton,TX,US,77657,F,33,The Big Pumpkin Run 5k,Yes
2024,Derek,D,Beaumont,TX,US,77726,M,47,The Big Pumpkin Run 5k,Yes
2024,Eric,Beall,Beaumont,TX,US,77706,M,35,The Big Pumpkin Run 5k,Yes
2024,Rachel,Simnitt,Orange,TX,US,77630,F,26,The Big Pumpkin Run 5k,Yes
2024,Connor,Simnitt,Orange,TX,US,77630,M,25,The Big Pumpkin Run 5k,Yes
2024,Karen,Collier,Orange,TX,US,77630,F,49,The Big Pumpkin Run 5k,Yes
2024,Colten,Collier,Orange,TX,US,77630,M,13,The Big Pumpkin Run 5k,Yes
2024,Tad,Collier,Orange,TX,US,77630,M,54,The Big Pumpkin Run 5k,Yes
2024,Clem,Chesson,Port Neches,TX,US,77651,F,68,The Big Pumpkin Run 5k,Yes
2024,Amanda,Jean-Pierre,Orange,TX,US,77630,F,38,The Big Pumpkin Run 5k,Yes
2024,Sandra,Dennis,Sour Lake,TX,US,77659,F,54,The Big Pumpkin Run 5k,Yes
2024,Jada,Thrash,Beaumont,TX,US,77705,F,20,The Big Pumpkin Run 5k,Yes
2024,Anthony,Mireles,Beaumont,TX,US,77713,M,70,The Big Pumpkin Run 5k,Yes
2024,Denise,Day,Bridge City,TX,US,77611,F,39,The Big Pumpkin Run 5k,Yes
2024,Hunter,Day,Bridge City,TX,US,77611,M,4,The Big Pumpkin Run 5k,Yes
2024,Sydney,Simmons,Bridge City,TX,US,77611,F,67,The Big Pumpkin Run 5k,Yes
2024,Melany,Monson,Orange,TX,US,77632,F,34,The Big Pumpkin Run 5k,Yes
2024,Clay,Bean,Orange,TX,US,77630,M,49,The Big Pumpkin Run 5k,Yes
2024,Becky,Howlett,Vidor,TX,US,77662,F,64,The Big Pumpkin Run 5k,Yes
2024,Buddy,Howlett,Vidor,TX,US,77662,M,66,The Big Pumpkin Run 5k,Yes
2024,Dennis,Durkee,Beaumont,TX,US,77706,M,68,The Big Pumpkin Run 5k,Yes
2024,Fernando,Alvarez,Port Arthur,TX,US,77642,M,34,The Big Pumpkin Run 5k,Yes
2024,Christian,Herrera,Port Arthur,TX,US,77642,M,28,The Big Pumpkin Run 5k,Yes
2024,Michael,Gillespie,Beaumont,TX,US,77702,M,37,The Big Pumpkin Run 5k,Yes
2024,Jennifer,Peddy,Vidor,TX,US,77662,F,45,The Big Pumpkin Run 5k,Yes
2024,Abby,Sanchez,Groves,TX,US,77619,F,35,The Big Pumpkin Run 5k,Yes
2024,Geisol,Pineda,Port Arthur,TX,US,77642,F,33,The Big Pumpkin Run 5k,Yes
2024,AUSTIN,MORRISON,Orange,TX,US,77630,M,27,The Big Pumpkin Run 5k,Yes
2024,Mark,Netterville,Lumberton,TX,US,77657,M,64,The Big Pumpkin Run 5k,Yes
2024,Vicky,Netterville,Lumberton,TX,US,77657,F,65,The Big Pumpkin Run 5k,Yes
2024,Jillian,Birtciel,Vidor,TX,US,77662,F,47,The Big Pumpkin Run 5k,Yes
2024,Christa,Dunaven,Dequincy,LA,US,70633,F,29,The Big Pumpkin Run 5k,Yes
2024,Colten,Hendrix,Sour Lake,TX,US,77659,M,32,The Big Pumpkin Run 5k,Yes
2024,Kleberth,Mendoza,Beaumont,TX,US,77707,M,36,The Big Pumpkin Run 5k,Yes
2024,Gracie,Guyote,Bridge City,TX,US,77611,F,27,The Big Pumpkin Run 5k,Yes
2024,Chassidy,Blackwell,Nederland,TX,US,77627,F,24,The Big Pumpkin Run 5k,Yes
2024,Kathleen,Clements,Nederland,TX,US,77627,F,47,The Big Pumpkin Run 5k,Yes
2024,Chris,Riggle,Nederland,TX,US,77627,M,48,The Big Pumpkin Run 5k,Yes
2024,Eddie,Trevino,Beaumont,TX,US,77708,M,64,The Big Pumpkin Run 5k,Yes
2024,Sandra,Clark,Orange,TX,US,77630,F,69,The Big Pumpkin Run 5k,Yes
2024,Laura,Robinson,Orange,TX,US,77630,F,44,The Big Pumpkin Run 5k,Yes
2024,Austin,Robinson,Orange,TX,US,77630,M,18,The Big Pumpkin Run 5k,Yes
2024,Thi,Nguyen,Port Neches,TX,US,77651,M,46,The Big Pumpkin Run 5k,Yes
2024,Thomas,Nguyen,Port Neches,TX,US,77651,M,17,The Big Pumpkin Run 5k,Yes
2024,Tracy,Nguyen,Port Neches,TX,US,77651,F,15,The Big Pumpkin Run 5k,Yes
2024,Christy,Jones,Beaumont,TX,US,77705,F,37,The Big Pumpkin Run 5k,Yes
2024,Layan,Jones,Beaumont,TX,US,77705,F,11,The Big Pumpkin Run 5k,Yes
2024,Oliver,Jones,Beaumont,TX,US,77705,M,13,The Big Pumpkin Run 5k,Yes
2024,Amy,Prouse,Orange,TX,US,77630,F,60,The Big Pumpkin Run 5k,Yes
2024,Sharon,Patton,orange,TX,US,77632,F,60,The Big Pumpkin Run 5k,Yes
2024,Jade,Hickey,Baytown,TX,US,77523,F,35,The Big Pumpkin Run 5k,Yes
2024,Brooke,Dutschmann,Orange,TX,US,77630,F,29,The Big Pumpkin Run 5k,Yes
2024,Pam,Guidry,Orange,TX,US,77630,F,66,The Big Pumpkin Run 5k,Yes
2024,Nicole,Elizondo,Port Arthur,TX,US,77640,F,34,The Big Pumpkin Run 5k,Yes
2024,Amber,Hicks,Orange,TX,US,77632,F,32,The Big Pumpkin Run 5k,Yes
2024,Scott,Danks,Nederland,TX,US,77627,M,50,The Big Pumpkin Run 5k,Yes
2024,Rubin,Rao,College Station,TX,US,77802,M,18,The Big Pumpkin Run 5k,Yes
2024,Rob,Florer,Beaumont,TX,US,77706,M,51,The Big Pumpkin Run 5k,Yes
2024,Cynthia,Warburton,Port Neches,TX,US,77651,F,32,The Big Pumpkin Run 5k,Yes
2024,Amanda,Barrow,Starks,LA,US,70661,F,35,The Big Pumpkin Run 5k,Yes
2024,Shelby,Knoblauch,Lake Charles,LA,US,70607,F,32,The Big Pumpkin Run 5k,Yes
2024,Chloe,Overstreet,Bridge City,TX,US,77611,F,21,The Big Pumpkin Run 5k,Yes
2024,Lee Anne,Brown,Orange,TX,US,77630,F,57,The Big Pumpkin Run 5k,Yes
2024,Felipe Vladimiro,Perez Correa,Port Neches,TX,US,77651,M,47,The Big Pumpkin Run 5k,Yes
2024,Cassandra,Stanley,Vidor,TX,US,77662,F,41,The Big Pumpkin Run 5k,Yes
2024,Mike,Moss,Beaumont,TX,US,77706,M,47,The Big Pumpkin Run 5k,Yes
2024,Kathryn,Moss,Beaumont,TX,US,77706,F,42,The Big Pumpkin Run 5k,Yes
2024,Samantha,Cash,Orange,TX,US,77630,F,35,The Big Pumpkin Run 5k,Yes
2024,Mike,Dunham,Lumberton,TX,US,77657,M,69,The Big Pumpkin Run 5k,Yes
2024,Garrett,Deshotel,Sulphur,LA,US,70663,M,28,The Big Pumpkin Run 5k,Yes
2024,Anna,Deshotel,Sulphur,LA,US,70663,F,26,The Big Pumpkin Run 5k,Yes
2024,Ramona,Walker,Orange orange,TX,US,77630,F,40,The Big Pumpkin Run 5k,Yes
2024,Tim,Franklin,Vidor,TX,US,77662,M,48,The Big Pumpkin Run 5k,Yes
2024,Tainá,De Azevedo Vaz,Vidor,TX,US,77662,F,29,The Big Pumpkin Run 5k,Yes
2024,Jessica,King,Cedarbluff,MS,US,39741,F,28,The Big Pumpkin Run 5k,Yes
2024,Melissa,Bland,Orange,TX,US,77630,F,54,The Big Pumpkin Run 5k,Yes
2024,Samantha,Grass,Vidor,TX,US,77662,F,27,The Big Pumpkin Run 5k,Yes
2024,Sterling,Grass,Vidor,TX,US,77662,M,29,The Big Pumpkin Run 5k,Yes
2024,Juliann,Klinkhammer,Orange,TX,US,77630,F,22,The Big Pumpkin Run 5k,Yes
2024,Hannah,Silveira,Orange,TX,US,77630,F,23,The Big Pumpkin Run 5k,Yes
2024,Kierstin,Gallien,Orange,TX,US,77630,F,22,The Big Pumpkin Run 5k,Yes
2024,Holly,Silveira,Orange,TX,US,77630,F,18,The Big Pumpkin Run 5k,Yes
2024,Madison,Cole,Orange,TX,US,77630,F,22,The Big Pumpkin Run 5k,Yes
2024,Carly,Garret,Orange,TX,US,77630,F,22,The Big Pumpkin Run 5k,Yes
2024,Maria,Klinkhammer,Orange,TX,US,77630,F,55,The Big Pumpkin Run 5k,Yes
2024,Scott,Manus,Orange,TX,US,77630,M,52,The Big Pumpkin Run 5k,Yes
2024,april,mynard,Sour Lake,TX,US,77659,F,43,The Big Pumpkin Run 5k,Yes
2024,Steppie,Whitman,Sour Lake,TX,US,77659,F,65,The Big Pumpkin Run 5k,Yes
2024,Aubrey,mynard,Sour Lake,TX,US,77659,M,18,The Big Pumpkin Run 5k,Yes
2024,Grant,Wright,Beaumont,TX,US,77705,M,21,The Big Pumpkin Run 5k,Yes
2024,Darian,Seago,Sulphur,LA,US,70663,F,26,The Big Pumpkin Run 5k,Yes
2024,Rick,Barry,Beaumont,TX,US,77706,M,67,The Big Pumpkin Run 5k,Yes
2024,Maureen,Woods,Orange,TX,US,77630,F,54,The Big Pumpkin Run 5k,Yes
2024,Christina,Chen,Winona,TX,US,75792,F,29,The Big Pumpkin Run 5k,Yes
2024,Michael,Chen,Winona,TX,US,75792,M,29,The Big Pumpkin Run 5k,Yes
2024,Susan,Craig,Soldotna,AK,US,99669,F,55,The Big Pumpkin Run 5k,Yes
2024,Cely,Cisneros,Bridge City,TX,US,77611,F,38,The Big Pumpkin Run 5k,Yes
2024,Brooke,Wilhem,Beaumont,TX,US,77706,F,28,The Big Pumpkin Run 5k,Yes
2024,Joseph,Cropper,Beaumont,TX,US,77706,M,47,The Big Pumpkin Run 5k,Yes
2024,Brittany,Garoutte,Silsbee,TX,US,77656,F,27,The Big Pumpkin Run 5k,Yes
2024,Lynell,Fisher,Beaumont,TX,US,77705,F,49,The Big Pumpkin Run 5k,Yes
2024,Olivia,Revia,Lumberton,TX,US,77657,F,33,The Big Pumpkin Run 5k,Yes
2024,Kristin,Saltzman,Creole,LA,US,70632,F,43,The Big Pumpkin Run 5k,Yes
2024,CHARLES,WILLHITE,Orange,TX,US,77632,M,66,The Big Pumpkin Run 5k,Yes
2024,Georgia,Willhite,Orange,TX,US,77632,F,64,The Big Pumpkin Run 5k,Yes
2024,Micah,Murray,Beaumont,TX,US,77706,M,14,The Big Pumpkin Run 5k,Yes
2024,Tabitha,Murray,Beaumont,TX,US,77706,F,19,The Big Pumpkin Run 5k,Yes
2024,Tim,Murray,Beaumont,TX,US,77706,M,52,The Big Pumpkin Run 5k,Yes
2024,Brooke,Duke,Vidor,TX,US,77662,F,33,The Big Pumpkin Run 5k,Yes
2024,Zachary,Defrancis,Groves,TX,US,77619,M,30,The Big Pumpkin Run 5k,Yes
2024,Thomas,Ballenger,Beaumont,TX,US,77708,M,40,The Big Pumpkin Run 5k,Yes
2024,Julianne,Hall,WEST ORANGE,TX,US,77630,F,36,The Big Pumpkin Run 5k,Yes
2024,Stacy,Stout,Port Neches,TX,US,77651,F,47,The Big Pumpkin Run 5k,Yes
2024,Kenya,Anderson,Orange,TX,US,77632,F,25,The Big Pumpkin Run 5k,Yes
2024,Jennifer,Spears,Orange,TX,US,77632,F,39,The Big Pumpkin Run 5k,Yes
2024,Jacob,Spears,Orange,TX,US,77632,M,11,The Big Pumpkin Run 5k,Yes
2024,Cathryn,Green,Orange,TX,US,77630,F,36,The Big Pumpkin Run 5k,Yes
2024,Taylor,Roberts,Beaumont,TX,US,77713,F,28,The Big Pumpkin Run 5k,Yes
2024,Antonio,Jaramillo,Port Arthur,TX,US,77642,M,54,The Big Pumpkin Run 5k,Yes
2024,Deborah,Nesbitt,Nederland,TX,US,77627,F,62,The Big Pumpkin Run 5k,Yes
2024,Kirk,Nesbitt,Nederland,TX,US,77627,M,64,The Big Pumpkin Run 5k,Yes
2024,Tiffany,Sandvick,Orange,TX,US,77632,F,36,The Big Pumpkin Run 5k,Yes
2024,Troy,Maddox,Beaumont,TX,US,77706,M,41,The Big Pumpkin Run 5k,Yes
2024,Dawn,Grimes,Port Neches,TX,US,77651,F,39,The Big Pumpkin Run 5k,Yes
2024,Megan,Williamson,Spring,TX,US,77389,F,29,The Big Pumpkin Run 5k,Yes
2024,Marc,Ivey,Lake Charles,LA,US,70605,M,61,The Big Pumpkin Run 5k,Yes
2024,Kalan,Richards,Fort Worth,TX,US,76108,F,34,The Big Pumpkin Run 5k,Yes
2024,Stephanie,Smith,Orange,TX,US,77632,F,43,The Big Pumpkin Run 5k,Yes
2024,Sherri,Wood,Kountze,TX,US,77625,F,51,The Big Pumpkin Run 5k,Yes
2024,Matthew,Wood,Kountze,TX,US,77625,M,9,The Big Pumpkin Run 5k,Yes
2024,David,Brent,Port Neches,TX,US,77651,M,43,The Big Pumpkin Run 5k,Yes
2024,Monty,English,Lumberton,TX,US,77657,M,32,The Big Pumpkin Run 5k,Yes
2024,Senia,Macias,Lumberton,TX,US,77657,F,32,The Big Pumpkin Run 5k,Yes
2024,Elizabeth,Genuardi,Beaumont,TX,US,77707,F,37,The Big Pumpkin Run 5k,Yes
2024,Rienk,Bijlsma,Port Arthur,TX,US,77640,M,56,The Big Pumpkin Run 5k,Yes
2024,Karen,Gilman,Port Neches,TX,US,77651,F,62,The Big Pumpkin Run 5k,Yes
2024,Allen,Wrinkle,Leblanc,LA,US,70651,M,59,The Big Pumpkin Run 5k,Yes
2024,Tracie,Updike,Orange,TX,US,77630,F,68,The Big Pumpkin Run 5k,Yes
2024,Carla,Santalucia,Orange,TX,US,77630,F,38,The Big Pumpkin Run 5k,Yes
2024,Monica,Santalucia,Orange,TX,US,77630,F,34,The Big Pumpkin Run 5k,Yes
2024,Briana,Toribio,Houston,TX,US,77057,F,27,The Big Pumpkin Run 5k,Yes
2024,Mark,Walles,Orange,TX,US,77630,M,61,The Big Pumpkin Run 5k,Yes
2024,Charlotte,Walles,Orange,TX,US,77630,F,60,The Big Pumpkin Run 5k,Yes
2024,Jimena,Espinoza,Lumberton,TX,US,77657,F,20,The Big Pumpkin Run 5k,Yes
2024,Valentina,Sosa,Port Neches,TX,US,77651,F,41,The Big Pumpkin Run 5k,Yes
2024,Cindy,Dozier,Vidor,TX,US,77662,F,43,The Big Pumpkin Run 5k,Yes
2024,Abbie,Rojas,Groves,TX,US,77619,F,29,The Big Pumpkin Run 5k,Yes
2024,Kate,Brimm,Orange,TX,US,77630,F,37,The Big Pumpkin Run 5k,Yes
2024,Kristina,Threatt,Nederland,TX,US,77627,F,28,The Big Pumpkin Run 5k,Yes
2024,Peyton,Richmond,Nederland,TX,US,77627,M,64,The Big Pumpkin Run 5k,Yes
2024,Alfredo,Lara,Orange,TX,US,77632,M,30,The Big Pumpkin Run 5k,Yes
2024,Jacob,Defrancis,Port Arthur,TX,US,77642,M,33,The Big Pumpkin Run 5k,Yes
2024,Lori,Frederick,Orange,TX,US,77632,F,62,The Big Pumpkin Run 5k,Yes
2024,Michael,Richmond,Nederland,TX,US,77627,M,36,The Big Pumpkin Run 5k,Yes
2024,Aaron,Edgerly,Orange,TX,US,77632,M,38,The Big Pumpkin Run 5k,Yes
2024,Blakelynn,Edgerly,Orange,TX,US,77632,F,6,The Big Pumpkin Run 5k,Yes
2024,Katy,Edgerly,Orange,TX,US,77632,F,36,The Big Pumpkin Run 5k,Yes
2024,Sterling,Burch,Orange,TX,US,77632,M,9,The Big Pumpkin Run 5k,Yes
2024,Natalia,Rios,Port Neches,TX,US,77651,F,49,The Big Pumpkin Run 5k,Yes
2024,Maria,Green,Pearland,TX,US,77581,F,59,The Big Pumpkin Run 5k,Yes
2024,Amanda,Lacayo,Port Neches,TX,US,77651,F,31,The Big Pumpkin Run 5k,Yes
2024,Ruth,Johnston,Baytown,TX,US,77520,F,68,The Big Pumpkin Run 5k,Yes
2024,Sara,Burton,Orange,TX,US,77630,F,31,The Big Pumpkin Run 5k,Yes
2024,Regan,Taylor,Bridge City,TX,US,77611,F,40,The Big Pumpkin Run 5k,Yes
2024,Edward,Hart,Vidor,TX,US,77662,M,43,The Big Pumpkin Run 5k,Yes
2024,Misty,Hart,Vidor,TX,US,77662,F,42,The Big Pumpkin Run 5k,Yes
2024,Ashlynn,Doxey,Bridge City,TX,US,77611,F,26,The Big Pumpkin Run 5k,Yes
2024,Dani,Wyatt,Orange,TX,US,77632,F,23,The Big Pumpkin Run 5k,Yes
2024,Joshua,Phillips,Groves,TX,US,77619,M,44,The Big Pumpkin Run 5k,Yes
2024,Mary,Stankus,Orange,TX,US,77630,F,31,The Big Pumpkin Run 5k,Yes
2024,Joanna,Avila,Orange,TX,US,77630,F,31,The Big Pumpkin Run 5k,Yes
2024,Andi,Tieszen,Spring,TX,US,77380,F,33,The Big Pumpkin Run 5k,Yes
2024,Stephen,Ohnheiser,Bridge City,TX,US,77611,M,58,The Big Pumpkin Run 5k,Yes
2024,Bethany,Rench,Lumberton,TX,US,77657,F,37,The Big Pumpkin Run 5k,Yes
2024,Declan,Rench,Lumberton,TX,US,77657,M,9,The Big Pumpkin Run 5k,Yes
2024,Timothy,Rench,Lumberton,TX,US,77657,M,7,The Big Pumpkin Run 5k,Yes
2024,Walker,Smith,Orange,TX,US,77632,M,23,The Big Pumpkin Run 5k,Yes
2024,Ashlee,Goeddertz,Orange,TX,US,77630,F,37,The Big Pumpkin Run 5k,Yes
2024,Naomi,Torres,Nederland,TX,US,77627,F,41,The Big Pumpkin Run 5k,Yes
2024,Landon,Procella,Bridge City,TX,US,77611,M,29,The Big Pumpkin Run 5k,Yes
2024,Melanie,Holland,Nome,TX,US,77629,F,64,The Big Pumpkin Run 5k,Yes
2024,Brianna,Moore,Lumberton,TX,US,77657,F,29,The Big Pumpkin Run 5k,Yes
2024,Howard,Granger,Lake Charles,LA,US,70605,M,50,The Big Pumpkin Run 5k,Yes
2024,Allyson,Crawford,Orange,TX,US,77632,F,35,The Big Pumpkin Run 5k,Yes
2024,Charles,Guilhas,Austin,TX,US,78746,M,27,The Big Pumpkin Run 5k,Yes
2024,Amanda,Britnell,Orange,TX,US,77632,F,41,The Big Pumpkin Run 5k,Yes
2024,Jacob,Britnell,Orange,TX,US,77632,M,10,The Big Pumpkin Run 5k,Yes
2024,Ben,Britnell,Orange,TX,US,77632,M,16,The Big Pumpkin Run 5k,Yes
2024,Ciara,Tinkle,Silsbee,TX,US,77656,F,30,The Big Pumpkin Run 5k,Yes
2024,Gregory,Barnhart,Beaumont,TX,US,77713,M,45,The Big Pumpkin Run 5k,Yes
2024,Jessica,Cuellar,Port ArthurArthur,TX,US,77642,F,35,The Big Pumpkin Run 5k,Yes
2024,Lyndsey,Chandler,Port Arthur,TX,US,77642,F,23,The Big Pumpkin Run 5k,Yes
2024,Alexandria,Ferguson,Orange,TX,US,77630,F,25,The Big Pumpkin Run 5k,Yes
2024,Chris,Stacks,Port Arthur,TX,US,77642,M,25,The Big Pumpkin Run 5k,Yes
2024,Chase,Peacock,Orange,TX,US,77632,M,15,The Big Pumpkin Run 5k,Yes
2024,Kade,Rule,Port Arthur,TX,US,77640,M,20,The Big Pumpkin Run 5k,Yes
2024,Chalayne,Orsak,Silsbee,TX,US,77656,F,43,The Big Pumpkin Run 5k,Yes
2024,Ana,Nunez,Beaumont,TX,US,77713,F,32,The Big Pumpkin Run 5k,Yes
2024,Whitleigh,Moreau,Orange,TX,US,77630,F,21,The Big Pumpkin Run 5k,Yes
2024,Jennifer,Smith,Bridge City,TX,US,77611,F,47,The Big Pumpkin Run 5k,Yes
2024,Jillian,Wilson,Bridge City,TX,US,77611,F,24,The Big Pumpkin Run 5k,Yes
2024,Nayeli,Lopez,Port Arthur,TX,US,77642,F,30,The Big Pumpkin Run 5k,Yes
2024,Vickie,Bordelon,Colmesneil,TX,US,75938,F,63,The Big Pumpkin Run 5k,Yes
2024,KEN,BARNUM,Orange,TX,US,77632,M,31,The Big Pumpkin Run 5k,Yes
2024,Kristina,Brown,Nederland,TX,US,77627,F,29,The Big Pumpkin Run 5k,Yes
2024,Ashley,Leibold,Orange,TX,US,77630,F,38,The Big Pumpkin Run 5k,Yes
2024,Gabby,White,Orange,TX,US,77630,F,17,The Big Pumpkin Run 5k,Yes
2024,Lindsey,Arthur,Orange,TX,US,77632,F,31,The Big Pumpkin Run 5k,Yes
2024,Amber,Harris,Buna,TX,US,77612,F,42,The Big Pumpkin Run 5k,Yes
2024,Parker,Harris,Buna,TX,US,77612,M,14,The Big Pumpkin Run 5k,Yes
2024,Karli,Nelson,Groves,TX,US,77619,F,35,The Big Pumpkin Run 5k,Yes
2024,Cynthia,Laurel,Sulphur,LA,US,70663,F,49,The Big Pumpkin Run 5k,Yes
2024,Coryn,Knippers,Sulphur,LA,US,70663,F,27,The Big Pumpkin Run 5k,Yes
2024,Aidan,Fountain,Orange,TX,US,77632,M,18,The Big Pumpkin Run 5k,Yes
2024,Aleiah,Yanock-Sebastian,Woodville,TX,US,75979,F,15,The Big Pumpkin Run 5k,Yes
2024,Marisol,Barajas,Groves,TX,US,77619,F,32,The Big Pumpkin Run 5k,Yes
2024,Madison,Thomas,Jasper,TX,US,75951,F,26,The Big Pumpkin Run 5k,Yes
2024,Jenny,Rawls,Lumberton,TX,US,77657,F,39,The Big Pumpkin Run 5k,Yes
2024,Victoria,Jackson,Orange,TX,US,77630,F,26,The Big Pumpkin Run 5k,Yes
2024,Isabelle,Volk,Bridge City,TX,US,77611,F,23,The Big Pumpkin Run 5k,Yes
2024,Lorena,Velázquez,Beaumont,TX,US,77706,F,46,The Big Pumpkin Run 5k,Yes
2024,Ashton,Maselli,liberty,TX,US,77575,M,11,The Big Pumpkin Run 5k,Yes
2024,Kyler,Bishop,Liberty,TX,US,77575,M,10,The Big Pumpkin Run 5k,Yes
2024,Archer,Murphy,Liberty,TX,US,77575,M,10,The Big Pumpkin Run 5k,Yes
2024,Fisher,Murphy,Liberty,TX,US,77575,M,12,The Big Pumpkin Run 5k,Yes
2024,Dakota,Maselli,Liberty,TX,US,77575,M,13,The Big Pumpkin Run 5k,Yes
2024,Thomas,Tucker,liberty,TX,US,77575,M,36,The Big Pumpkin Run 5k,Yes
2024,Brian,Clark,Orange,TX,US,77630,M,39,The Big Pumpkin Run 5k,Yes
2024,Christopher,Banegas,Beaumont,TX,US,77707,M,18,The Big Pumpkin Run 5k,Yes
2024,Frank,Chen,Orange,TX,US,77632,M,61,The Big Pumpkin Run 5k,Yes
2024,Jennifer,Blankenship,Vidor,TX,US,77662,F,50,The Big Pumpkin Run 5k,Yes
2024,Tommy,Byers,Vidor,TX,US,77662,M,30,The Big Pumpkin Run 5k,Yes
2024,Mona,Phillips,Groves,TX,US,77619,F,66,The Big Pumpkin Run 5k,Yes
2024,Brent,Kemp,Orange,TX,US,77632,M,39,The Big Pumpkin Run 5k,Yes
2024,Aaron,James,Nederland,TX,US,77627,M,34,The Big Pumpkin Run 5k,Yes
2024,Jessie,Pham,Groves,TX,US,77619,F,46,The Big Pumpkin Run 5k,Yes
2024,Vanessa,Trần,Groves,TX,US,77619,F,44,The Big Pumpkin Run 5k,Yes
2024,Frank,Morse,Orange,TX,US,77630,M,70,The Big Pumpkin Run 5k,Yes
2024,Jessica,Moore,Orange,TX,US,77630,F,24,The Big Pumpkin Run 5k,Yes
2024,Ashley,Roger,Orange,TX,US,77630,F,23,The Big Pumpkin Run 5k,Yes
2024,Samuel,Gartman,Beaumont,TX,US,77706,M,26,The Big Pumpkin Run 5k,Yes
2024,Ixchel,Sanchez,Beaumont,TX,US,77706,F,36,The Big Pumpkin Run 5k,Yes
2024,Lizbeth,Morales Salamanca,Beaumont,TX,US,77713,F,31,The Big Pumpkin Run 5k,Yes
2024,Rafael Antonio,Diaz Giron,Beaumont,TX,US,77713,M,33,The Big Pumpkin Run 5k,Yes
2024,Nikola,Charpentier,Lake Charles,LA,US,70601,F,47,The Big Pumpkin Run 5k,Yes
2024,Carrie,Carroll,Sulphur,LA,US,70663,F,47,The Big Pumpkin Run 5k,Yes
2024,Victoria,Santel,Orange,TX,US,77630,F,34,The Big Pumpkin Run 5k,Yes
2024,Nicholas,Santel,Orange,TX,US,77630,M,35,The Big Pumpkin Run 5k,Yes
2024,Casandra,Nguyen,Bridge City,TX,US,77611,F,33,The Big Pumpkin Run 5k,Yes
2024,Allyson,Welch,Orange,TX,US,77632,F,16,The Big Pumpkin Run 5k,Yes
2024,Hadleigh,Lakey,Orange,TX,US,77632,F,13,The Big Pumpkin Run 5k,Yes
2024,Ronaldo,Santalucia,Orange,TX,US,77630,M,61,The Big Pumpkin Run 5k,Yes
2024,Terra,Felice,Starks,LA,US,70661,F,49,The Big Pumpkin Run 5k,Yes
2024,Micaela,Magdaleno,Beaumont,TX,US,77706,F,25,The Big Pumpkin Run 5k,Yes
2024,Brody,Green,Orange,TX,US,77630,M,17,The Big Pumpkin Run 5k,Yes
2024,Michelle,Richard,Gueydan,LA,US,70542,F,55,The Big Pumpkin Run 5k,Yes
2024,Joby,Richard,Reeves,LA,US,70658,M,38,The Big Pumpkin Run 5k,Yes
2024,Carolina,Quiroz,Port Arthur,TX,US,77642,F,28,The Big Pumpkin Run 5k,Yes
2024,Doug,Girouard,Orange,TX,US,77632,M,60,The Big Pumpkin Run 5k,Yes
2024,Catherine,Trevino,Beaumont,TX,US,77708,F,60,The Big Pumpkin Run 5k,Yes
2024,Michael,Sonier,Lumberton,TX,US,77657,M,45,The Big Pumpkin Run 5k,Yes
2024,Teresa,Sonier,Lumberton,TX,US,77657,F,38,The Big Pumpkin Run 5k,Yes
2024,Karen,Ruiz,Orange,TX,US,77630,F,32,The Big Pumpkin Run 5k,Yes
2024,Rahul,Patel,Orange,TX,US,77632,M,22,The Big Pumpkin Run 5k,Yes
2024,Jhocelyn,Alvarado,Beaumont,TX,US,77706,F,26,The Big Pumpkin Run 5k,Yes
2024,Jexle,Munguia,Beaumont,TX,US,77706,M,29,The Big Pumpkin Run 5k,Yes
2024,Cherilynn,Blindman,Orange,TX,US,77632,F,42,The Big Pumpkin Run 5k,Yes
2024,Mackenzie,Dennis,Beaumont,TX,US,77706,F,23,The Big Pumpkin Run 5k,Yes
2024,James,Broussard,Orange,TX,US,77632,M,48,The Big Pumpkin Run 5k,Yes
2024,Whitney,Ledoux,Orange,TX,US,77630,F,25,The Big Pumpkin Run 5k,Yes
2024,Skylar,Medina,Bridge City,TX,US,77611,F,32,The Big Pumpkin Run 5k,Yes
2024,Kenzie,Medina,Vinton,LA,US,70668,F,14,The Big Pumpkin Run 5k,Yes
2024,Anna,Nguyen,Orange,TX,US,77630,F,33,The Big Pumpkin Run 5k,Yes
2024,Kamron,Livingston,Orange,TX,US,77632,M,17,The Big Pumpkin Run 5k,Yes
2024,Lara,Alexander,Orange,TX,US,77630,F,55,The Big Pumpkin Run 5k,Yes
2024,Courtney,Shaw,Orange,TX,US,77630,F,44,The Big Pumpkin Run 5k,Yes
2024,Jason,Shaw,Orange,TX,US,77630,M,50,The Big Pumpkin Run 5k,Yes
2024,Alannah,Courtney,Tatum,TX,US,75691,F,23,The Big Pumpkin Run 5k,Yes
2024,Will,Williford,Orange,TX,US,77630,M,54,The Big Pumpkin Run 5k,Yes
2024,Dawn,Tramel,Orange,TX,US,77630,F,57,The Big Pumpkin Run 5k,Yes
2024,Donna K.,Hodgkinson,Orange,TX,US,77630,F,55,The Big Pumpkin Run 5k,Yes
2024,Emily,Campbell,Port Neches,TX,US,77651,F,33,The Big Pumpkin Run 5k,Yes
2024,Azatiany,Trotter,Port Neches,TX,US,77651,F,51,The Big Pumpkin Run 5k,Yes
2024,Eric,Trotter,Port Neches,TX,US,77651,M,45,The Big Pumpkin Run 5k,Yes
2024,Bill,Courtney,Orange,TX,US,77630,M,52,The Big Pumpkin Run 5k,Yes
2024,George,Guidry,Bridge City,TX,US,77611,M,80,The Big Pumpkin Run 5k,Yes
2024,Sarah,Halter,Orange,TX,US,77630,F,37,The Big Pumpkin Run 5k,Yes
2024,Waylon,Ricks,Orange,TX,US,77632,M,11,The Big Pumpkin Run 5k,Yes
2024,Abby,Ricks,Orange,TX,US,77632,F,30,The Big Pumpkin Run 5k,Yes
2024,Bryan,Johnson,Orange,TX,US,77630,M,47,The Big Pumpkin Run 5k,Yes
2024,Sandra,Venegas,Beaumont,TX,US,77705,F,35,The Big Pumpkin Run 5k,Yes
2024,Summer,Anderson,Cottonport,LA,US,71327,F,30,The Big Pumpkin Run 5k,Yes
2024,Alex,Gutierrez,Buna,TX,US,77612,M,15,The Big Pumpkin Run 5k,Yes
2024,Nathen,Claussen,Buna,TX,US,77612,M,15,The Big Pumpkin Run 5k,Yes
2024,Kacie,Linthicum,Groves,TX,US,77619,F,38,The Big Pumpkin Run 5k,Yes
2024,Brandi,Ellison,Port Neches,TX,US,77651,F,48,The Big Pumpkin Run 5k,Yes
2024,Ashlyn,Ellison,Port Neches,TX,US,77651,F,27,The Big Pumpkin Run 5k,Yes
2024,Kaitlyn,Guillory,Orange,TX,US,77630,F,25,The Big Pumpkin Run 5k,Yes
2024,Shanna,Welch,Orange,TX,US,77630,F,54,The Big Pumpkin Run 5k,Yes
2024,Jesus,Medina,Beaumont,TX,US,77707,M,23,The Big Pumpkin Run 5k,Yes
2024,Angel,Ceja,Port Arthur,TX,US,77642,M,21,The Big Pumpkin Run 5k,Yes
2024,Joel,Lomas,Beaumont,TX,US,77706,M,31,The Big Pumpkin Run 5k,Yes
2024,Tyler,Dixson,Orange,TX,US,77630,M,28,The Big Pumpkin Run 5k,Yes
2024,Chuck,Guilhas,Bridge City,TX,US,77611,M,62,The Big Pumpkin Run 5k,Yes
2024,Jennifer,Batuyong,Groves,TX,US,77619,F,42,The Big Pumpkin Run 5k,Yes
2024,Tyler,Eichenlaub,Beaumont,TX,US,77713,M,32,The Big Pumpkin Run 5k,Yes
2024,Sophia,Ortiz,Port Arthur,TX,US,77640,F,11,The Big Pumpkin Run 5k,Yes
2024,Jordon,Stanley,Beaumont,TX,US,77706,M,36,The Big Pumpkin Run 5k,Yes
2024,Vanlam,Nguyen,Beaumont,TX,US,77706,F,45,The Big Pumpkin Run 5k,Yes
2024,Kendal,Batuyong,Groves,TX,US,77619,F,37,The Big Pumpkin Run 5k,Yes
2024,Nicholas,Swope,orange,TX,US,77632,M,27,The Big Pumpkin Run 5k,Yes
2024,Kristy,Anderson,Orange,TX,US,77632,F,43,The Big Pumpkin Run 5k,Yes
2024,Candice,Polite-Robinson,Livingston,TX,US,77351,F,39,The Big Pumpkin Run 5k,Yes
2024,James,Mumford,Orange,TX,US,77632,M,35,The Big Pumpkin Run 5k,Yes
2024,Jaxon,McQuerry,Vidor,TX,US,77662,M,15,The Big Pumpkin Run 5k,Yes
2024,Yvette,Canales,orange,TX,US,77630,F,52,The Big Pumpkin Run 5k,Yes
2024,Elizabeth,Alvarez,Groves,TX,US,77619,F,32,The Big Pumpkin Run 5k,Yes
2024,Abby,Anderson,Bridge City,TX,US,77611,F,23,The Big Pumpkin Run 5k,Yes
2024,Ava,Anderson,Bridge CityBridge City,TX,US,77611,F,16,The Big Pumpkin Run 5k,Yes
2024,Malana,James,Orange,TX,US,77632,F,56,The Big Pumpkin Run 5k,Yes
2024,Makenzie,Wittenburg,Orange,TX,US,77632,F,26,The Big Pumpkin Run 5k,Yes
2024,Kara,Michael,Beaumont,TX,US,77706,F,36,The Big Pumpkin Run 5k,Yes
2024,Samantha,Chaib,Port Arthur,TX,US,77642,F,24,The Big Pumpkin Run 5k,Yes
2024,Kamerin,Queen,Orange,TX,US,77630,F,22,The Big Pumpkin Run 5k,Yes
2024,Maria,Zamudio,Beaumont,TX,US,77707,F,40,The Big Pumpkin Run 5k,Yes
2024,Gina,Welborn,Vidor,TX,US,77662,F,62,The Big Pumpkin Run 5k,Yes
2024,Olivia,Gravett,Orange,TX,US,77630,F,38,The Big Pumpkin Run 5k,Yes
2024,Kaylea,Gravett,Orange,TX,US,77630,F,18,The Big Pumpkin Run 5k,Yes
2024,Eliese,Gravett,Orange,TX,US,77630,F,15,The Big Pumpkin Run 5k,Yes
2024,CHRISTINE,ROGERS,Beaumont,TX,US,77706,F,57,The Big Pumpkin Run 5k,Yes
2024,Cristina,Ortega,Orange,TX,US,77632,F,31,The Big Pumpkin Run 5k,Yes
2024,Tae,Swati,Port ArthurArthur,TX,US,77642,F,40,The Big Pumpkin Run 5k,Yes
2024,Laila,Swati,Port Arthur,TX,US,77642,F,35,The Big Pumpkin Run 5k,Yes
2024,Brody,Nicholson,Deweyville,TX,US,77614,M,14,The Big Pumpkin Run 5k,Yes
2024,David,Jones,Orange,TX,US,77630,M,55,The Big Pumpkin Run 5k,Yes
2024,Easton,Dishon,Orange,TX,US,77630,M,9,The Big Pumpkin Run 5k,Yes
2024,Alex,Abrego,Bridge City,TX,US,77611,M,29,The Big Pumpkin Run 5k,Yes
2024,Eric,Ellison,Orange,TX,US,77630,M,50,The Big Pumpkin Run 5k,Yes
2024,Tricia,Gillis,Orange,TX,US,77630,F,50,The Big Pumpkin Run 5k,Yes
2024,Aubrey,Temple,Orange,TX,US,77632,F,15,The Big Pumpkin Run 5k,Yes
2024,Harper,Temple,Orange,TX,US,77632,F,10,The Big Pumpkin Run 5k,Yes
2024,Lazaro,Segura,Port Arthur,TX,US,77642,M,47,The Big Pumpkin Run 5k,Yes
2024,Carmen,Story,Beaumont,TX,US,77713,F,42,The Big Pumpkin Run 5k,Yes
2024,Coye,Nolan,Beaumont,TX,US,77701,M,22,The Big Pumpkin Run 5k,Yes
2024,Landen,Nolan,Beaumont,TX,US,77701,M,12,The Big Pumpkin Run 5k,Yes
2024,Alejandro,Rodriguez,Beaumont,TX,US,77706,M,24,The Big Pumpkin Run 5k,Yes
2024,Jacob,Rougeau,Bridge City,TX,US,77611,M,16,The Big Pumpkin Run 5k,Yes
2024,Guillermo,Ortega,Orange,TX,US,77630,M,28,The Big Pumpkin Run 5k,Yes
2024,Brayden,Reeves,Nederland,TX,US,77627,M,11,The Big Pumpkin Run 5k,Yes
2024,Cazador,Edgerton,Orange,TX,US,77632,M,15,The Big Pumpkin Run 5k,Yes
2024,Jonathan,Miller,Dickinson,TX,US,77539,M,31,The Big Pumpkin Run 5k,Yes
2024,Karla,Perez,Port Arthur,TX,US,77642,F,28,The Big Pumpkin Run 5k,Yes
2024,Jeremy,griffis,Buna,TX,US,77612,M,18,The Big Pumpkin Run 5k,Yes
2024,Kevin,Reed,Beaumont,TX,US,77706,M,57,The Big Pumpkin Run 5k,Yes
2024,David,Wilson,Orange,TX,US,77632,M,46,The Big Pumpkin Run 5k,Yes
2024,Denise,Perkins,Port Arthur,TX,US,77642,F,59,The Big Pumpkin Run 5k,Yes
2024,Hunter,Hart,Buna,TX,US,77612,M,15,The Big Pumpkin Run 5k,Yes
2024,Emmalee,Allen,Brookeland,TX,US,75931,F,27,The Big Pumpkin Run 5k,Yes
2024,Tiffany,Wiltz,Groves,TX,US,77619,F,29,The Big Pumpkin Run 5k,Yes
2024,Beverly,Francis,Orange,TX,US,77630,F,51,The Big Pumpkin Run 5k,Yes
2024,Scott,Francis,Orange,TX,US,77630,M,50,The Big Pumpkin Run 5k,Yes
2024,Alisa,Linscomb,Orange,TX,US,77632,F,56,The Big Pumpkin Run 5k,Yes
2024,Rabon,Ezell,Orange,TX,US,77632,M,53,The Big Pumpkin Run 5k,Yes
2024,Lori,Ezell,Orange,TX,US,77632,F,52,The Big Pumpkin Run 5k,Yes
2024,Jered,Simpson,Lumberton,TX,US,77657,M,39,The Big Pumpkin Run 5k,Yes
2024,Liz,Benson,Lumberton,TX,US,77657,F,56,The Big Pumpkin Run 5k,Yes
2024,Kevin,Le,Lumberton,TX,US,77657,M,26,The Big Pumpkin Run 5k,Yes
2024,Erin,Avila,Orange,TX,US,77632,F,35,The Big Pumpkin Run 5k,Yes
2024,Michelle,Ezell,Orange,TX,US,77632,F,32,The Big Pumpkin Run 5k,Yes
2024,Dan,Craft,Orange,TX,US,77632,M,19,The Big Pumpkin Run 5k,Yes
2024,Landon,Craft,Orange,TX,US,77632,M,18,The Big Pumpkin Run 5k,Yes
2024,Blanca,Jones,Lumberton,TX,US,77657,F,49,The Big Pumpkin Run 5k,Yes
2024,Rebekah,Newell,Orange,TX,US,77632,F,26,The Big Pumpkin Run 5k,Yes
2024,Brynlee,Kemp,Orange,TX,US,77632,F,12,The Big Pumpkin Run 5k,Yes
2024,Olivia,Scheiderer,Mauriceville,TX,US,77626,F,14,The Big Pumpkin Run 5k,Yes
2024,Moses,Gomez,Phoenixville,PA,US,19460,M,29,The Big Pumpkin Run 5k,Yes
2024,John,Fielder,Port Neches,TX,US,77651,M,48,The Big Pumpkin Run 5k,Yes
2024,Laura,Leblanc,Orange,TX,US,77630,F,32,The Big Pumpkin Run 5k,Yes
2024,Marren,Crawford,Orange,TX,US,77632,F,13,The Big Pumpkin Run 5k,Yes
2024,Ryan,Anderson,Orange,TX,US,77632,M,35,The Big Pumpkin Run 5k,Yes
2024,Kevin,Hultgren,Napa,CA,US,94558,M,49,Virtual 5k,Yes
2024,Taylor,Prejna,Herndon,VA,US,20170,F,30,Virtual 5k,Yes
2024,Chris,Heisner,Magnolia,TX,US,77354,M,49,Virtual 5k,Yes
2024,Tami,Hathaway,Beaumont,TX,US,77707,F,58,Virtual 5k,Yes
2024,Tish,Jones,Magnolia,TX,US,77354,F,49,Virtual 5k,Yes
2024,Jeromy,Buberl,Beaumont,TX,US,77706,M,45,Virtual 5k,Yes
2024,Christopher,Birtciel,Vidor,TX,US,77662,M,44,Virtual 5k,Yes
2024,Sylvia,Gilmore,Beaumont,TX,US,77706,F,70,Virtual 5k,Yes
2024,William,Gilmore,Beaumont,TX,US,77706,M,71,Virtual 5k,Yes
2023,Jane,Brimm,Orange,TX,US,77630,F,6,The Big Pumpkin Kids K,Yes
2023,Travis,Nguyen,Port Neches,TX,US,77651,M,7,The Big Pumpkin Kids K,Yes
2023,Trisha,Nguyen,Port Neches,TX,US,77651,F,10,The Big Pumpkin Kids K,Yes
2023,Connor,Marsh,Bridge City,TX,US,77611,M,9,The Big Pumpkin Kids K,Yes
2023,Emily,Marsh,Bridge City,TX,US,77611,F,5,The Big Pumpkin Kids K,Yes
2023,Adalyn,Green,Orange,TX,US,77630,F,9,The Big Pumpkin Kids K,Yes
2023,Atlas,Green,Orange,TX,US,77630,M,6,The Big Pumpkin Kids K,Yes
2023,Sophie,Rench,Lumberton,TX,US,77657,F,10,The Big Pumpkin Kids K,Yes
2023,Jack,Van Huis,Orange,TX,US,77630,M,8,The Big Pumpkin Kids K,Yes
2023,Evie,Van Huis,Orange,TX,US,77630,F,12,The Big Pumpkin Kids K,Yes
2023,Avery,Knight,Orange,TX,US,77630,F,14,The Big Pumpkin Kids K,Yes
2023,Bentley,Jackson,Orange,TX,US,77632,F,10,The Big Pumpkin Kids K,Yes
2023,Lyla,Frazier,Orange,TX,US,77632,F,7,The Big Pumpkin Kids K,Yes
2023,Kenadee,Frazier,Orange,TX,US,77632,F,7,The Big Pumpkin Kids K,Yes
2023,Dailee,Frazier,Orange,TX,US,77632,F,4,The Big Pumpkin Kids K,Yes
2023,Brayden,Pulliam,Bridge City,TX,US,77611,M,8,The Big Pumpkin Kids K,Yes
2023,Emma,Clark,Orange,TX,US,77630,F,3,The Big Pumpkin Kids K,Yes
2023,Charlotte,Clark,Orange,TX,US,77630,F,7,The Big Pumpkin Kids K,Yes
2023,AJ,Dantin,Groves,TX,US,77619,M,5,The Big Pumpkin Kids K,Yes
2023,Travis,Allen,Vidor,TX,US,77662,M,5,The Big Pumpkin Kids K,Yes
2023,Campbell,Baker,Silsbee,TX,US,77656,M,3,The Big Pumpkin Kids K,Yes
2023,Jacob,Foreman,Orange,TX,US,77632,M,11,The Big Pumpkin Kids K,Yes
2023,Mason,Mcreynolds,Orange,TX,US,77632,M,8,The Big Pumpkin Kids K,Yes
2023,Tyler,Douglas,Lumberton,TX,US,77657,M,10,The Big Pumpkin Kids K,Yes
2023,Brayden,Reeves,Nederland,TX,US,77627,M,10,The Big Pumpkin Kids K,Yes
2023,Skylar,Freeman,Nederland,TX,US,77627,F,6,The Big Pumpkin Kids K,Yes
2023,Connor,Fults,Beaumont,TX,US,77706,M,8,The Big Pumpkin Kids K,Yes
2023,Sacora,McLouth,Bridge City,TX,US,77611,F,9,The Big Pumpkin Kids K,Yes
2023,Jeremy,Fults,Beaumont,TX,US,77706,M,47,The Big Pumpkin Run 5k,Yes
2023,Kleberth,Mendoza,Beaumont,TX,US,77707,M,35,The Big Pumpkin Run 5k,Yes
2023,Patricia,Martin,Nederland,TX,US,77627,F,63,The Big Pumpkin Run 5k,Yes
2023,Ryan,Justice,Sour Lake,TX,US,77659,M,37,The Big Pumpkin Run 5k,Yes
2023,Clem,Chesson,Port Neches,TX,US,77651,F,67,The Big Pumpkin Run 5k,Yes
2023,Sandra,Dennis,Sour Lake,TX,US,77659,F,53,The Big Pumpkin Run 5k,Yes
2023,Dennis,Durkee,Beaumont,TX,US,77706,M,67,The Big Pumpkin Run 5k,Yes
2023,Grant,Wright,Nederland,TX,US,77627,M,20,The Big Pumpkin Run 5k,Yes
2023,Cassandra,Stanley,Vidor,TX,US,77662,F,40,The Big Pumpkin Run 5k,Yes
2023,Lauren,Spaid,Orange,TX,US,77630,F,35,The Big Pumpkin Run 5k,Yes
2023,Amanda,Jean-Pierre,Orange,TX,US,77630,F,37,The Big Pumpkin Run 5k,Yes
2023,Samantha,Cash,Orange,TX,US,77630,F,34,The Big Pumpkin Run 5k,Yes
2023,Angelica,Beall,Beaumont,TX,US,77706,F,30,The Big Pumpkin Run 5k,Yes
2023,Eric,Beall,Beaumont,TX,US,77706,M,34,The Big Pumpkin Run 5k,Yes
2023,Clay,Bean,Orange,TX,US,77630,M,48,The Big Pumpkin Run 5k,Yes
2023,Buddy,Howlett,Vidor,TX,US,77662,M,65,The Big Pumpkin Run 5k,Yes
2023,Becky,Howlett,Vidor,TX,US,77662,F,63,The Big Pumpkin Run 5k,Yes
2023,Veronica,Clouse,Orange,TX,US,77630,F,43,The Big Pumpkin Run 5k,Yes
2023,Alicia,Hargreaves,Beaumont,TX,US,77707,F,52,The Big Pumpkin Run 5k,Yes
2023,Kate,Brimm,Orange,TX,US,77630,F,36,The Big Pumpkin Run 5k,Yes
2023,Janet,Gallaway,Anahuac,TX,US,77514,F,59,The Big Pumpkin Run 5k,Yes
2023,Sandra,Dequeant,Hankamer,TX,US,77560,F,59,The Big Pumpkin Run 5k,Yes
2023,Anthony,Mireles,Beaumont,TX,US,77713,M,69,The Big Pumpkin Run 5k,Yes
2023,Micah,Murray,Beaumont,TX,US,77706,M,13,The Big Pumpkin Run 5k,Yes
2023,Tabitha,Murray,Beaumont,TX,US,77706,F,18,The Big Pumpkin Run 5k,Yes
2023,Tim,Murray,Beaumont,TX,US,77706,M,51,The Big Pumpkin Run 5k,Yes
2023,Denise,Day,Bridge City,TX,US,77611,F,38,The Big Pumpkin Run 5k,Yes
2023,Hunter,Day,Bridge City,TX,US,77611,M,3,The Big Pumpkin Run 5k,Yes
2023,Sydney,Simmons,Bridge City,TX,US,77611,F,67,The Big Pumpkin Run 5k,Yes
2023,Jennifer,Peddy,Vidor,TX,US,77662,F,44,The Big Pumpkin Run 5k,Yes
2023,Ann,Fife,Buna,TX,US,77612,F,71,The Big Pumpkin Run 5k,Yes
2023,Justin,Lambert,Vidor,TX,US,77662,M,34,The Big Pumpkin Run 5k,Yes
2023,Hannah,Huckaby,Beaumont,TX,US,77713,F,26,The Big Pumpkin Run 5k,Yes
2023,Whitney,Abdalla,Beaumont,TX,US,77713,F,30,The Big Pumpkin Run 5k,Yes
2023,Rachel,Beck,Orange,TX,US,77630,F,45,The Big Pumpkin Run 5k,Yes
2023,Tami,Hathaway,Beaumont,TX,US,77707,F,57,The Big Pumpkin Run 5k,Yes
2023,Deborah,Haynes,Beaumont,TX,US,77705,F,54,The Big Pumpkin Run 5k,Yes
2023,Kim,Farr,Lake Charles,LA,US,70605,F,50,The Big Pumpkin Run 5k,Yes
2023,Blake,Farr,Lake Charles,LA,US,70605,M,50,The Big Pumpkin Run 5k,Yes
2023,Becky,Garrison,Lake Charles,LA,US,70605,F,54,The Big Pumpkin Run 5k,Yes
2023,Lola,Garrison,Lake Charles,LA,US,70605,F,14,The Big Pumpkin Run 5k,Yes
2023,Tom,Garrison,Lake Charles,LA,US,70605,M,55,The Big Pumpkin Run 5k,Yes
2023,Cristine,Klussmann,Bridge City,TX,US,77611,F,50,The Big Pumpkin Run 5k,Yes
2023,Ann,Patterson,West Orange,TX,US,77630,F,43,The Big Pumpkin Run 5k,Yes
2023,Thi,Nguyen,Port Neches,TX,US,77651,M,45,The Big Pumpkin Run 5k,Yes
2023,Thomas,Nguyen,Port Neches,TX,US,77651,M,16,The Big Pumpkin Run 5k,Yes
2023,Tracy,Nguyen,Port Neches,TX,US,77651,F,14,The Big Pumpkin Run 5k,Yes
2023,Felipe Vladimiro,Perez Correa,Port Neches,TX,US,77651,M,46,The Big Pumpkin Run 5k,Yes
2023,Lindsey,Garrett,Orange,TX,US,77630,F,38,The Big Pumpkin Run 5k,Yes
2023,"Jennifer ""Nikki""",Roberts,Nederland,TX,US,77627,F,37,The Big Pumpkin Run 5k,Yes
2023,Kathleen,Clements,Nederland,TX,US,77627,F,47,The Big Pumpkin Run 5k,Yes
2023,Chris,Riggle,Nederland,TX,US,77627,M,47,The Big Pumpkin Run 5k,Yes
2023,Deborah,Hendrix,Sour Lake,TX,US,77659,F,62,The Big Pumpkin Run 5k,Yes
2023,Haley,Hendrix,Sour Lake,TX,US,77659,F,31,The Big Pumpkin Run 5k,Yes
2023,Eric,Sauerwein,Nederland,TX,US,77627,M,37,The Big Pumpkin Run 5k,Yes
2023,Dena,Leavings,Beaumont,TX,US,77706,F,45,The Big Pumpkin Run 5k,Yes
2023,Judith,Johnson,Hilton Head Island,SC,US,29928,F,66,The Big Pumpkin Run 5k,Yes
2023,Steven,Johnson,Hilton Head Island,SC,US,29928,M,70,The Big Pumpkin Run 5k,Yes
2023,Alexander,Exum,Beaumont,TX,US,77706,M,24,The Big Pumpkin Run 5k,Yes
2023,Kara,Exum,Beaumont,TX,US,77706,F,24,The Big Pumpkin Run 5k,Yes
2023,Craig,Kuz,Beaumont,TX,US,77706,M,37,The Big Pumpkin Run 5k,Yes
2023,Abby,Sharp,Lumberton,TX,US,77657,F,35,The Big Pumpkin Run 5k,Yes
2023,Jessica,Pace,Lumberton,TX,US,77657,F,40,The Big Pumpkin Run 5k,Yes
2023,Olivia,Leavings,Orange,TX,US,77630,F,21,The Big Pumpkin Run 5k,Yes
2023,Brittney,Findley,The woodlands,TX,US,77382,F,37,The Big Pumpkin Run 5k,Yes
2023,Brody,Reeves,Orange,TX,US,77632,M,10,The Big Pumpkin Run 5k,Yes
2023,Guadalupe,Rodriguez,Groves,TX,US,77619,F,30,The Big Pumpkin Run 5k,Yes
2023,Connie,Claborn,Bridge City,TX,US,77611,F,38,The Big Pumpkin Run 5k,Yes
2023,Ashton,Lane,Bridge City,TX,US,77611,M,14,The Big Pumpkin Run 5k,Yes
2023,Harlie,Claborn,Bridge City,TX,US,77611,F,29,The Big Pumpkin Run 5k,Yes
2023,Brandon,Brasseaux,Winnie,TX,US,77665,M,37,The Big Pumpkin Run 5k,Yes
2023,Londyn,Brasseaux,Winnie,TX,US,77665,F,12,The Big Pumpkin Run 5k,Yes
2023,Jimena,Espinoza,Lumberton,TX,US,77657,F,19,The Big Pumpkin Run 5k,Yes
2023,Deborah,Nesbitt,Nederland,TX,US,77627,F,61,The Big Pumpkin Run 5k,Yes
2023,Kirk,Nesbitt,Nederland,TX,US,77627,M,63,The Big Pumpkin Run 5k,Yes
2023,Cathryn,Green,Orange,TX,US,77630,F,35,The Big Pumpkin Run 5k,Yes
2023,Corey,Green,Orange,TX,US,77630,M,41,The Big Pumpkin Run 5k,Yes
2023,Patsy,Mahfouz,Beaumont,TX,US,77706,F,65,The Big Pumpkin Run 5k,Yes
2023,Allen,Wrinkle,Leblanc,LA,US,70651,M,58,The Big Pumpkin Run 5k,Yes
2023,Carmen,Story,Orange,TX,US,77630,F,41,The Big Pumpkin Run 5k,Yes
2023,Laura,Hernandez,Beaumont,TX,US,77701,F,28,The Big Pumpkin Run 5k,Yes
2023,Rommel,Leiva,Beaumont,TX,US,77701,M,28,The Big Pumpkin Run 5k,Yes
2023,Maggie,Winfree,Orange,TX,US,77630,F,23,The Big Pumpkin Run 5k,Yes
2023,Will,Winfree,Orange,TX,US,77630,M,22,The Big Pumpkin Run 5k,Yes
2023,Javier,Garcia,Bridge City,TX,US,77611,M,59,The Big Pumpkin Run 5k,Yes
2023,Christina,Garcia,Bridge City,TX,US,77611,F,60,The Big Pumpkin Run 5k,Yes
2023,Boyd,Allen,Bridge City,TX,US,77611,M,40,The Big Pumpkin Run 5k,Yes
2023,Melissa,Hicks,Groves,TX,US,77619,F,40,The Big Pumpkin Run 5k,Yes
2023,AUSTIN,MORRISON,Orange,TX,US,77630,M,26,The Big Pumpkin Run 5k,Yes
2023,Stephen,Ohnheiser,Bridge City,TX,US,77611,M,57,The Big Pumpkin Run 5k,Yes
2023,Troy,Maddox,Beaumont,TX,US,77706,M,40,The Big Pumpkin Run 5k,Yes
2023,Amanda,Britnell,Orange,TX,US,77632,F,40,The Big Pumpkin Run 5k,Yes
2023,Ben,Britnell,Orange,TX,US,77632,M,15,The Big Pumpkin Run 5k,Yes
2023,Karen,Gilman,Port Neches,TX,US,77651,F,61,The Big Pumpkin Run 5k,Yes
2023,Kevin,DuCharme,Beaumont,TX,US,77706,M,32,The Big Pumpkin Run 5k,Yes
2023,Kathryn,DuCharme,Beaumont,TX,US,77706,F,34,The Big Pumpkin Run 5k,Yes
2023,Ashley,Leibold,Orange,TX,US,77630,F,37,The Big Pumpkin Run 5k,Yes
2023,Gabby,White,Orange,TX,US,77630,F,16,The Big Pumpkin Run 5k,Yes
2023,Bethany,Rench,Lumberton,TX,US,77657,F,36,The Big Pumpkin Run 5k,Yes
2023,Declan,Rench,Lumberton,TX,US,77657,M,8,The Big Pumpkin Run 5k,Yes
2023,Timothy,Rench,Lumberton,TX,US,77657,M,6,The Big Pumpkin Run 5k,Yes
2023,Ciara,Honeycutt,Bridge City,TX,US,77611,F,34,The Big Pumpkin Run 5k,Yes
2023,Kendra,Cassidy,Orange,TX,US,77632,F,44,The Big Pumpkin Run 5k,Yes
2023,Beth,Dupree,Orange,TX,US,77632,F,83,The Big Pumpkin Run 5k,Yes
2023,Danya,Monceaux,Orange,TX,US,77632,F,62,The Big Pumpkin Run 5k,Yes
2023,Joanna,Avila,Orange,TX,US,77630,F,30,The Big Pumpkin Run 5k,Yes
2023,chasani,williamson,Orange,TX,US,77630,F,41,The Big Pumpkin Run 5k,Yes
2023,Kassie,Schrieber,Orange,TX,US,77630,F,29,The Big Pumpkin Run 5k,Yes
2023,Mark,Walles,Orange,TX,US,77630,M,60,The Big Pumpkin Run 5k,Yes
2023,Jessica,Droddy,Orange,TX,US,77632,F,41,The Big Pumpkin Run 5k,Yes
2023,Kim,Nguyen,Beaumont,TX,US,77706,F,49,The Big Pumpkin Run 5k,Yes
2023,Skylar,Medina,Bridge City,TX,US,77611,F,31,The Big Pumpkin Run 5k,Yes
2023,Sandra,Bland,Orangefield,TX,US,77639,F,62,The Big Pumpkin Run 5k,Yes
2023,Jennifer,Durbin,Orange,TX,US,77632,F,53,The Big Pumpkin Run 5k,Yes
2023,Scott,Durbin,Orange,TX,US,77632,M,56,The Big Pumpkin Run 5k,Yes
2023,Daniel,Durbin,Orange,TX,US,77632,M,21,The Big Pumpkin Run 5k,Yes
2023,Rebecca,Durbin,Orange,TX,US,77632,F,18,The Big Pumpkin Run 5k,Yes
2023,Dakotah,Kilday,Lumberton,TX,US,77657,F,26,The Big Pumpkin Run 5k,Yes
2023,Karolyn,Bailey,Buna,TX,US,77612,M,64,The Big Pumpkin Run 5k,Yes
2023,Lori,Frederick,Orange,TX,US,77632,F,61,The Big Pumpkin Run 5k,Yes
2023,Naomi,Torres,Nederland,TX,US,77627,F,40,The Big Pumpkin Run 5k,Yes
2023,Dani,Wyatt,Orange,TX,US,77632,F,22,The Big Pumpkin Run 5k,Yes
2023,Charlotte,Walles,Orange,TX,US,77630,F,59,The Big Pumpkin Run 5k,Yes
2023,Lisa,Crochett,Beaumont,TX,US,77707,F,61,The Big Pumpkin Run 5k,Yes
2023,Joseph,Bloodworth,Orange,TX,US,77632,M,26,The Big Pumpkin Run 5k,Yes
2023,Gina,Smith,Orange,TX,US,77630,F,60,The Big Pumpkin Run 5k,Yes
2023,Naomi,Williams,Orange,TX,US,77632,F,31,The Big Pumpkin Run 5k,Yes
2023,Leaf,Vance,Baytown,TX,US,77521,M,19,The Big Pumpkin Run 5k,Yes
2023,Samantha,Nickel,Baytown,TX,US,77521,F,21,The Big Pumpkin Run 5k,Yes
2023,Caleb,Pickering,Orange,TX,US,77632,M,24,The Big Pumpkin Run 5k,Yes
2023,Danielle,Courts,Kountze,TX,US,77625,F,20,The Big Pumpkin Run 5k,Yes
2023,Jacob,Defrancis,Port Arthur,TX,US,77642,M,32,The Big Pumpkin Run 5k,Yes
2023,Zetta,Rivard,Vidor,TX,US,77662,F,37,The Big Pumpkin Run 5k,Yes
2023,Karen,Collier,Orange,TX,US,77630,F,48,The Big Pumpkin Run 5k,Yes
2023,Colten,Collier,Orange,TX,US,77630,M,12,The Big Pumpkin Run 5k,Yes
2023,Tad,Collier,Orange,TX,US,77630,M,53,The Big Pumpkin Run 5k,Yes
2023,Steve,Meyer,Orange,TX,US,77632,M,71,The Big Pumpkin Run 5k,Yes
2023,Kenzie,Rule,Port Arthur,TX,US,77640,F,14,The Big Pumpkin Run 5k,Yes
2023,Kade,Rule,Port Arthur,TX,US,77640,M,19,The Big Pumpkin Run 5k,Yes
2023,Kristin,Rule,Port Arthur,TX,US,77640,F,43,The Big Pumpkin Run 5k,Yes
2023,Kirsten,Morrison,Orange,TX,US,77360,F,25,The Big Pumpkin Run 5k,Yes
2023,Quintella,Brayton,Bridge City,TX,US,77611,F,23,The Big Pumpkin Run 5k,Yes
2023,Matt,Spaid,Orange,TX,US,77630,M,35,The Big Pumpkin Run 5k,Yes
2023,Sydney,Sovine,Orange,TX,US,77632,F,35,The Big Pumpkin Run 5k,Yes
2023,Patrick,Small,Orange,TX,US,77632,M,30,The Big Pumpkin Run 5k,Yes
2023,Jessica,Van Huis,Orange,TX,US,77630,F,40,The Big Pumpkin Run 5k,Yes
2023,Sandra,Clark,Orange,TX,US,77630,F,68,The Big Pumpkin Run 5k,Yes
2023,Emily,Byers,Bridge City,TX,US,77611,F,42,The Big Pumpkin Run 5k,Yes
2023,Jerald,Byers,Bridge City,TX,US,77611,M,31,The Big Pumpkin Run 5k,Yes
2023,Nyah,Hantz,Bridge City,TX,US,77611,F,15,The Big Pumpkin Run 5k,Yes
2023,Kevin,Reed,Beaumont,TX,US,77706,M,56,The Big Pumpkin Run 5k,Yes
2023,Graciela,Garcia,Orange,TX,US,77630,F,25,The Big Pumpkin Run 5k,Yes
2023,Brody,Green,Orange,TX,US,77630,M,16,The Big Pumpkin Run 5k,Yes
2023,Reagan,Peveto,Orange,TX,US,77630,F,16,The Big Pumpkin Run 5k,Yes
2023,Colby,Tristan,Beaumont,TX,US,77707,M,28,The Big Pumpkin Run 5k,Yes
2023,Oliver,Jones,Beaumont,TX,US,77705,M,12,The Big Pumpkin Run 5k,Yes
2023,Lauren,Knight,Orange,TX,US,77630,F,39,The Big Pumpkin Run 5k,Yes
2023,Bekah,Bailey,Vidor,TX,US,77662,F,29,The Big Pumpkin Run 5k,Yes
2023,Derrick,Cole,Orange,TX,US,77630,M,34,The Big Pumpkin Run 5k,Yes
2023,Tara,Bryant,Orange,TX,US,77632,F,41,The Big Pumpkin Run 5k,Yes
2023,Kaitlyn,Guillory,Orange,TX,US,77630,F,24,The Big Pumpkin Run 5k,Yes
2023,Nicholas,Swope,orange,TX,US,77632,M,26,The Big Pumpkin Run 5k,Yes
2023,Paige,Carroll,Orange,TX,US,77630,F,27,The Big Pumpkin Run 5k,Yes
2023,Kimberly,West,Bridge City,TX,US,77611,F,31,The Big Pumpkin Run 5k,Yes
2023,Luke,Emory,Cove,TX,US,77523,M,45,The Big Pumpkin Run 5k,Yes
2023,Kaily,House,Beaumont,TX,US,77706,F,25,The Big Pumpkin Run 5k,Yes
2023,Nathan,House,Beaumont,TX,US,77706,M,25,The Big Pumpkin Run 5k,Yes
2023,Marisol,Barajas,Groves,TX,US,77619,F,31,The Big Pumpkin Run 5k,Yes
2023,Fernando,Alvarez,Port Arthur,TX,US,77642,M,33,The Big Pumpkin Run 5k,Yes
2023,Christian,Herrera,Port Arthur,TX,US,77642,M,27,The Big Pumpkin Run 5k,Yes
2023,Ray,Stelly,Hamshire,TX,US,77622,M,35,The Big Pumpkin Run 5k,Yes
2023,Natalia,Rios,Port Neches,TX,US,77651,F,48,The Big Pumpkin Run 5k,Yes
2023,Kaylee,Baack,Sour Lake,TX,US,77659,F,23,The Big Pumpkin Run 5k,Yes
2023,Mary,Nelson,Port Neches,TX,US,77651,F,62,The Big Pumpkin Run 5k,Yes
2023,Oliver,Jimenez,Beaumont,TX,US,77708,M,25,The Big Pumpkin Run 5k,Yes
2023,Samantha,Murphy,Lumberton,TX,US,77657,F,23,The Big Pumpkin Run 5k,Yes
2023,Beverly,Francis,Orange,TX,US,77630,F,50,The Big Pumpkin Run 5k,Yes
2023,Juston,Koch,Vidor,TX,US,77662,M,42,The Big Pumpkin Run 5k,Yes
2023,Laura,Robinson,Orange,TX,US,77630,F,43,The Big Pumpkin Run 5k,Yes
2023,Austin,Robinson,Orange,TX,US,77630,M,17,The Big Pumpkin Run 5k,Yes
2023,Scott,Danks,Nederland,TX,US,77627,M,49,The Big Pumpkin Run 5k,Yes
2023,Brian,Clark,Orange,TX,US,77630,M,38,The Big Pumpkin Run 5k,Yes
2023,John,Moore,Port Neches,TX,US,77651,M,60,The Big Pumpkin Run 5k,Yes
2023,Daniel,Brown,Abilene,TX,US,79601,M,73,The Big Pumpkin Run 5k,Yes
2023,Willie,Lindsey,Abilene,TX,US,79601,M,89,The Big Pumpkin Run 5k,Yes
2023,Mary,Kaplan,Sunrise Beeach,TX,US,78643,F,84,The Big Pumpkin Run 5k,Yes
2023,Nadia,Figueroa,Port Neches,TX,US,77651,F,37,The Big Pumpkin Run 5k,Yes
2023,Christopher,Cullather,Beaumont,TX,US,77706,M,66,The Big Pumpkin Run 5k,Yes
2023,Mary,Cullather,Beaumont,TX,US,77706,F,64,The Big Pumpkin Run 5k,Yes
2023,Bailey,Barnett,Orange,TX,US,77632,F,28,The Big Pumpkin Run 5k,Yes
2023,Micaela,Magdaleno,Beaumont,TX,US,77706,F,24,The Big Pumpkin Run 5k,Yes
2023,Jacob,Smith,Orange,TX,US,77632,M,43,The Big Pumpkin Run 5k,Yes
2023,James,Mumford,Orange,TX,US,77632,M,34,The Big Pumpkin Run 5k,Yes
2023,John,Fielder,Port Neches,TX,US,77651,M,47,The Big Pumpkin Run 5k,Yes
2023,Melany,Monson,Orange,TX,US,77632,F,33,The Big Pumpkin Run 5k,Yes
2023,Tyler,Gentry,Orange,TX,US,77632,M,26,The Big Pumpkin Run 5k,Yes
2023,Jacy,Woods,Orange,TX,US,77630,F,22,The Big Pumpkin Run 5k,Yes
2023,Maureen,Woods,Orange,TX,US,77630,F,53,The Big Pumpkin Run 5k,Yes
2023,Misty,Dantin,Groves,TX,US,77619,F,36,The Big Pumpkin Run 5k,Yes
2023,David,Garcia,Beaumont,TX,US,77706,M,23,The Big Pumpkin Run 5k,Yes
2023,Donna,Garcia,Beaumont,TX,US,77706,F,24,The Big Pumpkin Run 5k,Yes
2023,Aubrey,Temple,Orange,TX,US,77632,F,14,The Big Pumpkin Run 5k,Yes
2023,Julia,Pena,Beaumont,TX,US,77706,F,29,The Big Pumpkin Run 5k,Yes
2023,Eneida,Moreno,Beaumont,TX,US,77706,F,29,The Big Pumpkin Run 5k,Yes
2023,Chalayne,Orsak,Silsbee,TX,US,77656,F,42,The Big Pumpkin Run 5k,Yes
2023,Regina,Caillier,Orange,TX,US,77632,F,33,The Big Pumpkin Run 5k,Yes
2023,Marianne,Drouillard,Orange,TX,US,77632,F,35,The Big Pumpkin Run 5k,Yes
2023,Lorena,Velazquez,Beaumont,TX,US,77706,F,46,The Big Pumpkin Run 5k,Yes
2023,Troy,Allen,Vidor,TX,US,77662,M,37,The Big Pumpkin Run 5k,Yes
2023,Mason,Allen,Vidor,TX,US,77662,M,17,The Big Pumpkin Run 5k,Yes
2023,Casey,Peveto,Orange,TX,US,77632,M,52,The Big Pumpkin Run 5k,Yes
2023,Caitlin,Wilding,Sour Lake,TX,US,77659,F,33,The Big Pumpkin Run 5k,Yes
2023,Ruben,Montelongo,Houston,TX,US,77080,M,23,The Big Pumpkin Run 5k,Yes
2023,Raina,Walden,Orange,TX,US,77630,F,19,The Big Pumpkin Run 5k,Yes
2023,George,Guidry,Bridge City,TX,US,77611,M,79,The Big Pumpkin Run 5k,Yes
2023,Colton,May,Beaumont,TX,US,77706,M,25,The Big Pumpkin Run 5k,Yes
2023,Phillip,Block,Orange,TX,US,77630,M,35,The Big Pumpkin Run 5k,Yes
2023,Francisco,Cazares,Nederland,TX,US,77627,M,31,The Big Pumpkin Run 5k,Yes
2023,Jasmine,Cazares,Groves,TX,US,77619,F,26,The Big Pumpkin Run 5k,Yes
2023,Kamron,Livingston,Orange,TX,US,77632,M,16,The Big Pumpkin Run 5k,Yes
2023,Gary,Deese,Nederland,TX,US,77627,M,55,The Big Pumpkin Run 5k,Yes
2023,Alex,Cazares,Groves,TX,US,77619,M,26,The Big Pumpkin Run 5k,Yes
2023,Mike,Moss,Beaumont,TX,US,77706,M,46,The Big Pumpkin Run 5k,Yes
2023,Kathryn,Moss,Beaumont,TX,US,77706,F,41,The Big Pumpkin Run 5k,Yes
2023,Melody,Johnson,Orange,TX,US,77630,F,30,The Big Pumpkin Run 5k,Yes
2023,Kelsey,Gonzales,Vidor,TX,US,77662,F,28,The Big Pumpkin Run 5k,Yes
2023,Angela,Gillis,Beaumont,TX,US,77713,F,42,The Big Pumpkin Run 5k,Yes
2023,Ashlyn,Pinner,Orange,TX,US,77630,F,30,The Big Pumpkin Run 5k,Yes
2023,Wendy,Riley,OrangeOrange,TX,US,77632,F,63,The Big Pumpkin Run 5k,Yes
2023,Melissa,Ashby,Orange,TX,US,77630,F,31,The Big Pumpkin Run 5k,Yes
2023,Colleen,Baker,Silsbee,TX,US,77656,F,29,The Big Pumpkin Run 5k,Yes
2023,Keaton,Baker,Silsbee,TX,US,77656,M,31,The Big Pumpkin Run 5k,Yes
2023,Cooper,Baker,Silsbee,TX,US,77656,M,8,The Big Pumpkin Run 5k,Yes
2023,Rebecca,Baker,Buna,TX,US,77612,F,49,The Big Pumpkin Run 5k,Yes
2023,Zacharias,Weber,Baytown,TX,US,77521,M,17,The Big Pumpkin Run 5k,Yes
2023,Victoria,Jackson,Orange,TX,US,77630,F,25,The Big Pumpkin Run 5k,Yes
2023,Isabelle,Volk,Groves,TX,US,77619,F,22,The Big Pumpkin Run 5k,Yes
2023,Summer,Anderson,Cottonport,LA,US,71327,F,29,The Big Pumpkin Run 5k,Yes
2023,Doug,Girouard,Orange,TX,US,77632,M,59,The Big Pumpkin Run 5k,Yes
2023,Robert,Jones,Port Arthur,TX,US,77640,M,51,The Big Pumpkin Run 5k,Yes
2023,Stacy,Jones,Port Arthur,TX,US,77640,F,49,The Big Pumpkin Run 5k,Yes
2023,Devon,Flores,Port Arthur,TX,US,77640,M,30,The Big Pumpkin Run 5k,Yes
2023,Kallie,Flores,Port Arthur,TX,US,77640,F,28,The Big Pumpkin Run 5k,Yes
2023,Isaac,Davis,Port Arthur,TX,US,77640,M,18,The Big Pumpkin Run 5k,Yes
2023,Callie,Burton,Orange,TX,US,77632,F,27,The Big Pumpkin Run 5k,Yes
2023,Yvette,Canales,orange,TX,US,77630,F,51,The Big Pumpkin Run 5k,Yes
2023,Jessie,Pham,Groves,TX,US,77619,F,45,The Big Pumpkin Run 5k,Yes
2023,Tuyet,Coats,Groves,TX,US,77619,F,32,The Big Pumpkin Run 5k,Yes
2023,Selah,Weber,Baytown,TX,US,77521,F,18,The Big Pumpkin Run 5k,Yes
2023,Grace,Redwine,Baytown,TX,US,77521,F,18,The Big Pumpkin Run 5k,Yes
2023,Calian,Weber,Baytown,TX,US,77521,M,15,The Big Pumpkin Run 5k,Yes
2023,Chandra,Lester,Fort Worth,TX,US,76244,F,41,The Big Pumpkin Run 5k,Yes
2023,Elliott,Bland,Orange,TX,US,77630,M,8,The Big Pumpkin Run 5k,Yes
2023,Brian,Meadowcroft,Nederland,TX,US,77627,M,44,The Big Pumpkin Run 5k,Yes
2023,Addisen,Rutkoske,Bridge City,TX,US,77611,F,26,The Big Pumpkin Run 5k,Yes
2023,Beth,Green,Orange,TX,US,77630,F,34,The Big Pumpkin Run 5k,Yes
2023,Michael,Green,Orange,TX,US,77630,M,38,The Big Pumpkin Run 5k,Yes
2023,Richard,Smith,Orange,TX,US,77632,M,40,The Big Pumpkin Run 5k,Yes
2023,Sarah,Black,Orange,TX,US,77630,F,39,The Big Pumpkin Run 5k,Yes
2023,Austin,Pigott,Orange,TX,US,77630,M,20,The Big Pumpkin Run 5k,Yes
2023,Spencer,Odom,Beaumont,TX,US,77706,M,45,The Big Pumpkin Run 5k,Yes
2023,Michael,Malphrus,Orange,TX,US,77630,M,35,The Big Pumpkin Run 5k,Yes
2023,Logan,Nordgren,Beaumont,TX,US,77706,M,22,The Big Pumpkin Run 5k,Yes
2023,Kaleb,Barner,Lumberton,TX,US,77657,M,38,The Big Pumpkin Run 5k,Yes
2023,Kaleb,Barner,Lumberton,TX,US,77657,M,15,The Big Pumpkin Run 5k,Yes
2023,Cody,Hensley,Beaumont,TX,US,77707,M,41,The Big Pumpkin Run 5k,Yes
2023,Annebeth,Hensley,Beaumont,TX,US,77707,F,14,The Big Pumpkin Run 5k,Yes
2023,Azatiany,Trotter,Port Neches,TX,US,77651,F,50,The Big Pumpkin Run 5k,Yes
2023,Eric,Trotter,Port Neches,TX,US,77651,M,44,The Big Pumpkin Run 5k,Yes
2023,Connor,Fuller,Deweyville,TX,US,77614,M,34,The Big Pumpkin Run 5k,Yes
2023,Katherine,Scarborough,Orange,TX,US,77632,F,29,The Big Pumpkin Run 5k,Yes
2023,Carol,Parker,Vidor,TX,US,77662,F,56,The Big Pumpkin Run 5k,Yes
2023,Miguel,Rosales,Beaumont,TX,US,77706,M,27,The Big Pumpkin Run 5k,Yes
2023,Jonathan,Murdock,Port Arthur,TX,US,77640,M,41,The Big Pumpkin Run 5k,Yes
2023,Senovio,Sarabia,Beaumont,TX,US,77701,M,31,The Big Pumpkin Run 5k,Yes
2023,Bobby,Bailey,Buna,TX,US,77612,M,59,The Big Pumpkin Run 5k,Yes
2023,Josh,Mason,Lumberton,TX,US,77657,M,28,The Big Pumpkin Run 5k,Yes
2023,Rēl,Mason,Lumberton,TX,US,77657,F,27,The Big Pumpkin Run 5k,Yes
2023,Nayeli,Lopez,Port Arthur,TX,US,77642,F,29,The Big Pumpkin Run 5k,Yes
2023,Shay,Fontenot,Lumberton,TX,US,77657,F,41,The Big Pumpkin Run 5k,Yes
2023,Chase,Peacock,Orange,TX,US,77632,M,14,The Big Pumpkin Run 5k,Yes
2023,William,Scarborough,Orange,TX,US,77632,M,31,The Big Pumpkin Run 5k,Yes
2023,Alexandria,Lewis,Beaumont,TX,US,77706,F,26,The Big Pumpkin Run 5k,Yes
2023,Brandi,Ellison,Port Neches,TX,US,77651,F,47,The Big Pumpkin Run 5k,Yes
2023,Zachary,Defrancis,Groves,TX,US,77619,M,29,The Big Pumpkin Run 5k,Yes
2023,Ava,Anderson,Bridge City,TX,US,77611,F,15,The Big Pumpkin Run 5k,Yes
2023,Ricardo,Mancias,Mount Pleasant,TX,US,75455,M,24,The Big Pumpkin Run 5k,Yes
2023,Peyton,Richmond,Nederland,TX,US,77627,M,63,The Big Pumpkin Run 5k,Yes
2023,Cole,Anderson,Orange,TX,US,77630,M,33,The Big Pumpkin Run 5k,Yes
2023,Olivia,Gravett,Orange,TX,US,77630,F,37,The Big Pumpkin Run 5k,Yes
2023,Kaylea,Gravett,Orange,TX,US,77630,F,17,The Big Pumpkin Run 5k,Yes
2023,Eliese,Gravett,Orange,TX,US,77630,F,14,The Big Pumpkin Run 5k,Yes
2023,Ashley,Wolf,ORANGE,TX,US,77630,F,38,The Big Pumpkin Run 5k,Yes
2023,Britni,Linscomb,Orange,TX,US,77632,F,32,The Big Pumpkin Run 5k,Yes
2023,Emmalee,Allen,Brookeland,TX,US,75931,F,26,The Big Pumpkin Run 5k,Yes
2023,Mason,Allen,Brookeland,TX,US,75931,M,28,The Big Pumpkin Run 5k,Yes
2023,Sloan,Hunter,Sulphur,LA,US,70665,M,31,The Big Pumpkin Run 5k,Yes
2023,Teddy,Wissing,Orange,TX,US,77632,M,54,The Big Pumpkin Run 5k,Yes
2023,Chris,Heisner,Silsbee,TX,US,77656,M,48,Virtual 5k,Yes
2023,Tish,Jones,Silsbee,TX,US,77656,F,48,Virtual 5k,Yes
2023,Kevin,Hultgren,Fairfield,CA,US,94534,M,48,Virtual 5k,Yes
2023,John,Tullier,Vidor,TX,US,77662,M,40,Virtual 5k,Yes
2023,Eddie,Trevino,Beaumont,TX,US,77708,M,63,Virtual 5k,Yes
2023,Catherine,Trevino,Beaumont,TX,US,77708,F,59,Virtual 5k,Yes
2023,Brianna,Howlett,Vidor,TX,US,77662,F,39,Virtual 5k,Yes
2023,William,Gilmore,Beaumont,TX,US,77706,M,70,Virtual 5k,Yes
2023,Sylvia,Gilmore,Beaumont,TX,US,77706,F,69,Virtual 5k,Yes
2023,Jenalyn,Thorpe,Beaumont,TX,US,77706,F,29,Virtual 5k,Yes
2022,Athena,Hislop,Beaumont,TX,US,77706,F,43,The Big Pumpkin Kids K,Yes
2022,Gabe,Spaid,Orange,TX,US,77630,M,8,The Big Pumpkin Kids K,Yes
2022,Jackson,Haile,Orange,TX,US,77632,M,11,The Big Pumpkin Kids K,Yes
2022,Jillian,Haile,Orange,TX,US,77632,F,11,The Big Pumpkin Kids K,Yes
2022,Tyler,Douglas,Lumberton,TX,US,77657,M,9,The Big Pumpkin Kids K,Yes
2022,Trisha,Nguyen,Port Neches,TX,US,77651,F,9,The Big Pumpkin Kids K,Yes
2022,Travis,Nguyen,Port Neches,TX,US,77651,M,6,The Big Pumpkin Kids K,Yes
2022,Shannon,Marsh,Bridge City,TX,US,77611,M,8,The Big Pumpkin Kids K,Yes
2022,Jillian,Story,Orange,TX,US,77630,F,12,The Big Pumpkin Kids K,Yes
2022,Charlotte,Clark,Orange,TX,US,77630,F,6,The Big Pumpkin Kids K,Yes
2022,Emma,Clark,Orange,TX,US,77630,F,2,The Big Pumpkin Kids K,Yes
2022,Elijah,Gray,Richmond,TX,US,77407,M,11,The Big Pumpkin Kids K,Yes
2022,Eli,Wilkins,Vidor,TX,US,77662,M,7,The Big Pumpkin Kids K,Yes
2022,Jaxson,Wilkins,Vidor,TX,US,77662,M,10,The Big Pumpkin Kids K,Yes
2022,Evie,Van Huis,Orange,TX,US,77630,F,11,The Big Pumpkin Kids K,Yes
2022,Jack,Van Huis,Orange,TX,US,77630,M,7,The Big Pumpkin Kids K,Yes
2022,Chase,Moore,Missouri City,TX,US,77459,M,3,The Big Pumpkin Kids K,Yes
2022,Jane,Brimm,Orange,TX,US,77630,F,5,The Big Pumpkin Kids K,Yes
2022,Lynsei,Levell,Vidor,TX,US,77662,F,7,The Big Pumpkin Kids K,Yes
2022,Kenzie,Rule,Port Arthur,TX,US,77640,F,13,The Big Pumpkin Kids K,Yes
2022,Anthony,Defrancis,Port Arthur,TX,US,77642,M,8,The Big Pumpkin Kids K,Yes
2022,Sophie,Rench,Lumberton,TX,US,77657,F,9,The Big Pumpkin Kids K,Yes
2022,Timothy,Rench,Lumberton,TX,US,77657,M,5,The Big Pumpkin Kids K,Yes
2022,Declan,Rench,Lumberton,TX,US,77657,M,7,The Big Pumpkin Kids K,Yes
2022,Whitney,Foreman,Orange,TX,US,77632,F,13,The Big Pumpkin Kids K,Yes
2022,Ava,Foreman,Orange,TX,US,77632,F,11,The Big Pumpkin Kids K,Yes
2022,Jacob,Foreman,Orange,TX,US,77632,M,10,The Big Pumpkin Kids K,Yes
2022,Trenton,Tullier,Vidor,TX,US,77662,M,6,The Big Pumpkin Kids K,Yes
2022,Paisley,Cobb,Orange,TX,US,77630,F,10,The Big Pumpkin Kids K,Yes
2022,Darwin,Pulliam,Bridge City,TX,US,77611,M,8,The Big Pumpkin Kids K,Yes
2022,EvaMarie,Pulliam,Bridge City,TX,US,77611,F,5,The Big Pumpkin Kids K,Yes
2022,Phoebe,Bowling,Lumberton,TX,US,77657,F,10,The Big Pumpkin Kids K,Yes
2022,Patrick,Bowling,Lumberton,TX,US,77657,M,12,The Big Pumpkin Kids K,Yes
2022,Samuel,Bowling,Lumberton,TX,US,77657,M,10,The Big Pumpkin Kids K,Yes
2022,Lucy,Bowling,Lumberton,TX,US,77657,F,5,The Big Pumpkin Kids K,Yes
2022,ASHTON,FISCHER,Devers,TX,US,77538,F,8,The Big Pumpkin Kids K,Yes
2022,Bictor,Peterson,Orange,TX,US,77631,M,7,The Big Pumpkin Kids K,Yes
2022,Donna,Peterson,Orange,TX,US,77631,F,4,The Big Pumpkin Kids K,Yes
2022,Donna,Peterson,Orange,TX,US,77631,F,62,The Big Pumpkin Kids K,Yes
2022,Cooper,Baker,Silsbee,TX,US,77656,M,7,The Big Pumpkin Kids K,Yes
2022,Colleen,Baker,Silsbee,TX,US,77656,F,28,The Big Pumpkin Kids K,Yes
2022,Clay,Bean,Orange,TX,US,77630,M,47,The Big Pumpkin Run 5k,Yes
2022,Ramiro,Sanchez,Beaumont,TX,US,77706,M,38,The Big Pumpkin Run 5k,Yes
2022,Gay,Vela,Orange,TX,US,77630,F,54,The Big Pumpkin Run 5k,Yes
2022,Erin,Baker,Kountze,TX,US,77625,F,37,The Big Pumpkin Run 5k,Yes
2022,Gracie,Goodwin,Kountze,TX,US,77625,F,10,The Big Pumpkin Run 5k,Yes
2022,Lucy,Goodwin,Kountze,TX,US,77625,F,10,The Big Pumpkin Run 5k,Yes
2022,CHRIS,HEISNER,Silsbee,TX,US,77656,M,47,The Big Pumpkin Run 5k,Yes
2022,Scotty,Bourque,port neches,TX,US,77651,M,54,The Big Pumpkin Run 5k,Yes
2022,Anthony,Mireles,Beaumont,TX,US,77713,M,68,The Big Pumpkin Run 5k,Yes
2022,Tish,Jones,Silsbee,TX,US,77656,F,47,The Big Pumpkin Run 5k,Yes
2022,Karen,Gilman,Port Neches,TX,US,77651,F,60,The Big Pumpkin Run 5k,Yes
2022,Clem,Chesson,Port Neches,TX,US,77651,F,66,The Big Pumpkin Run 5k,Yes
2022,Brenda,Sanchez-Vazquez,Silsbee,TX,US,77656,F,25,The Big Pumpkin Run 5k,Yes
2022,Erin,Faulk,Beaumont,TX,US,77706,F,40,The Big Pumpkin Run 5k,Yes
2022,Fernando,Alvarez,Port Arthur,TX,US,77642,M,32,The Big Pumpkin Run 5k,Yes
2022,Christian,Herrera,Port Arthur,TX,US,77642,M,26,The Big Pumpkin Run 5k,Yes
2022,Jeremy,Fults,Beaumont,TX,US,77706,M,46,The Big Pumpkin Run 5k,Yes
2022,Brianna,Moore,Lumberton,TX,US,77657,F,27,The Big Pumpkin Run 5k,Yes
2022,Mechelle,Smith,Orange,TX,US,77630,F,30,The Big Pumpkin Run 5k,Yes
2022,Tiffany,Eckenrod,Beaumont,TX,US,77706,F,40,The Big Pumpkin Run 5k,Yes
2022,Martin,Gaskin,Beaumont,TX,US,77706,M,51,The Big Pumpkin Run 5k,Yes
2022,Angela,Miller,Beaumont,TX,US,77706,F,39,The Big Pumpkin Run 5k,Yes
2022,Ashton,Smith,Orange,TX,US,77632,F,34,The Big Pumpkin Run 5k,Yes
2022,Geisol,Pineda,Port Arthur,TX,US,77642,F,31,The Big Pumpkin Run 5k,Yes
2022,Marisol,Barajas,Groves,TX,US,77619,F,30,The Big Pumpkin Run 5k,Yes
2022,Abby,Sanchez,Groves,TX,US,77619,F,33,The Big Pumpkin Run 5k,Yes
2022,Mike,Moss,Beaumont,TX,US,77706,M,45,The Big Pumpkin Run 5k,Yes
2022,Gini,Barton,Silsbee,TX,US,77656,F,49,The Big Pumpkin Run 5k,Yes
2022,Woody,Barton,Silsbee,TX,US,77656,M,55,The Big Pumpkin Run 5k,Yes
2022,Grant,Wright,Nederland,TX,US,77627,M,19,The Big Pumpkin Run 5k,Yes
2022,Kade,Rule,Nederland,TX,US,77627,M,18,The Big Pumpkin Run 5k,Yes
2022,Lisa,Crochett,Beaumont,TX,US,77707,F,60,The Big Pumpkin Run 5k,Yes
2022,Dennis,Durkee,Beaumont,TX,US,77706,M,66,The Big Pumpkin Run 5k,Yes
2022,Abby,Cole,Orange,TX,US,77630,F,30,The Big Pumpkin Run 5k,Yes
2022,Derrick,Cole,Orange,TX,US,77630,M,33,The Big Pumpkin Run 5k,Yes
2022,Sydney,Simmons,Bridge City,TX,US,77611,F,66,The Big Pumpkin Run 5k,Yes
2022,Denise,Day,Bridge City,TX,US,77611,F,37,The Big Pumpkin Run 5k,Yes
2022,Hunter,Day,Bridge City,TX,US,77611,M,2,The Big Pumpkin Run 5k,Yes
2022,Becky,Howlett,Vidor,TX,US,77662,F,62,The Big Pumpkin Run 5k,Yes
2022,Buddy,Howlett,Vidor,TX,US,77662,M,64,The Big Pumpkin Run 5k,Yes
2022,Cara,Heisner,Silsbee,TX,US,77656,F,16,The Big Pumpkin Run 5k,Yes
2022,Chase,Peacock,Orange,TX,US,77632,M,13,The Big Pumpkin Run 5k,Yes
2022,Becky,Garrison,Lake Charles,LA,US,70605,F,53,The Big Pumpkin Run 5k,Yes
2022,Tom,Garrison,Lake Charles,LA,US,70605,M,54,The Big Pumpkin Run 5k,Yes
2022,Lola,Garrison,Lake Charles,LA,US,70605,F,13,The Big Pumpkin Run 5k,Yes
2022,William,Gilmore,Beaumont,TX,US,77706,M,69,The Big Pumpkin Run 5k,Yes
2022,Sylvia,Gilmore,Beaumont,TX,US,77706,F,68,The Big Pumpkin Run 5k,Yes
2022,Rayanna,Hoeft,Beaumont,TX,US,77706,F,49,The Big Pumpkin Run 5k,Yes
2022,Jennifer,Cole,Orange,TX,US,77630,F,36,The Big Pumpkin Run 5k,Yes
2022,Janelle,Deutsch,Orange,TX,US,77630,F,52,The Big Pumpkin Run 5k,Yes
2022,Brittany,Morey,Beaumont,TX,US,77708,F,30,The Big Pumpkin Run 5k,Yes
2022,Daniel,Johnson,Beaumont,TX,US,77713,M,31,The Big Pumpkin Run 5k,Yes
2022,KEISUKE,FUJIE,Houston,TX,US,77024,M,37,The Big Pumpkin Run 5k,Yes
2022,Sandy,Scott,Orange,TX,US,77630,F,55,The Big Pumpkin Run 5k,Yes
2022,Deborah,Gerber,Orange,TX,US,77630,F,52,The Big Pumpkin Run 5k,Yes
2022,Kevin,Reed,Beaumont,TX,US,77706,M,55,The Big Pumpkin Run 5k,Yes
2022,Lauren,Spaid,Orange,TX,US,77630,F,34,The Big Pumpkin Run 5k,Yes
2022,Troy,Maddox,Beaumont,TX,US,77702,M,39,The Big Pumpkin Run 5k,Yes
2022,Cathy,Cross,Beaumont,TX,US,77707,F,58,The Big Pumpkin Run 5k,Yes
2022,John,Cross,Beaumont,TX,US,77707,M,58,The Big Pumpkin Run 5k,Yes
2022,JASON,HAILE,Orange,TX,US,77632,M,42,The Big Pumpkin Run 5k,Yes
2022,Elissa,Simon,Orange,TX,US,77630,F,34,The Big Pumpkin Run 5k,Yes
2022,Gaylyn,Denson,Nederland,TX,US,77627,F,52,The Big Pumpkin Run 5k,Yes
2022,Ethan,Moss,Sulphur,LA,US,70663,M,18,The Big Pumpkin Run 5k,Yes
2022,Kathryn,Moss,Beaumont,TX,US,77706,F,40,The Big Pumpkin Run 5k,Yes
2022,Lydia,Baty,Vidor,TX,US,77662,F,40,The Big Pumpkin Run 5k,Yes
2022,Angela,Gillis,Beaumont,TX,US,77713,F,41,The Big Pumpkin Run 5k,Yes
2022,Dustin,Morgan,Silsbee,TX,US,77656,M,38,The Big Pumpkin Run 5k,Yes
2022,Nicholas,Swope,orange,TX,US,77632,M,25,The Big Pumpkin Run 5k,Yes
2022,Shay,Douglas,Lumberton,TX,US,77657,F,40,The Big Pumpkin Run 5k,Yes
2022,Ann,Zerzavy,Bridge City,TX,US,77611,F,60,The Big Pumpkin Run 5k,Yes
2022,Dana,Broussard,Port Arthur,TX,US,77640,F,49,The Big Pumpkin Run 5k,Yes
2022,Zachary,Defrancis,Groves,TX,US,77619,M,28,The Big Pumpkin Run 5k,Yes
2022,Connie,Davis,Orange,TX,US,77630,F,45,The Big Pumpkin Run 5k,Yes
2022,Morgan,Irvine,Orange,TX,US,77630,F,20,The Big Pumpkin Run 5k,Yes
2022,Joseph,Bloodworth,Orange,TX,US,77632,M,25,The Big Pumpkin Run 5k,Yes
2022,Cole,Villafano,Nederland,TX,US,77627,M,25,The Big Pumpkin Run 5k,Yes
2022,Jacob,Defrancis,Port Arthur,TX,US,77642,M,31,The Big Pumpkin Run 5k,Yes
2022,AUSTIN,MORRISON,Orange,TX,US,77630,M,25,The Big Pumpkin Run 5k,Yes
2022,Mike,Dunham,Lumberton,TX,US,77657,M,67,The Big Pumpkin Run 5k,Yes
2022,Gideon,Crump,Beaumont,TX,US,77706,M,28,The Big Pumpkin Run 5k,Yes
2022,Hannah,Mosley,Beaumont,TX,US,77706,F,30,The Big Pumpkin Run 5k,Yes
2022,Alicia,Hargreaves,Beaumont,TX,US,77707,F,51,The Big Pumpkin Run 5k,Yes
2022,George,Midgett,Beaumont,TX,US,77707,M,51,The Big Pumpkin Run 5k,Yes
2022,Doug,Girouard,Orange,TX,US,77632,M,58,The Big Pumpkin Run 5k,Yes
2022,Jennie,Le,Port Neches,TX,US,77651,F,43,The Big Pumpkin Run 5k,Yes
2022,Thi,Nguyen,Port Neches,TX,US,77651,M,44,The Big Pumpkin Run 5k,Yes
2022,Juan,Torres,Port Neches,TX,US,77651,M,43,The Big Pumpkin Run 5k,Yes
2022,Allen,Magana,Port Neches,TX,US,77651,M,18,The Big Pumpkin Run 5k,Yes
2022,Naomi,Torres,Port Neches,TX,US,77651,F,39,The Big Pumpkin Run 5k,Yes
2022,Briana,Martinez,Port Neches,TX,US,77651,F,17,The Big Pumpkin Run 5k,Yes
2022,Diana,Nguyen,Port Neches,TX,US,77651,F,47,The Big Pumpkin Run 5k,Yes
2022,Tracy,Nguyen,Port Neches,TX,US,77651,F,13,The Big Pumpkin Run 5k,Yes
2022,Daniel,Nguyen,Port Neches,TX,US,77651,M,79,The Big Pumpkin Run 5k,Yes
2022,Crystal,Lowe,Port Neches,TX,US,77651,F,31,The Big Pumpkin Run 5k,Yes
2022,Carolina,Flores,Port Neches,TX,US,77651,F,27,The Big Pumpkin Run 5k,Yes
2022,Amanda,Jean-Pierre,Orange,TX,US,77630,F,36,The Big Pumpkin Run 5k,Yes
2022,John,Tullier,Vidor,TX,US,77662,M,39,The Big Pumpkin Run 5k,Yes
2022,Joseph,Mosley,Beaumont,TX,US,77706,M,24,The Big Pumpkin Run 5k,Yes
2022,Melissa,DeGarmo,Nederland,TX,US,77627,F,39,The Big Pumpkin Run 5k,Yes
2022,Thomas,Gonzalez,Alamo,TX,US,78516,M,15,The Big Pumpkin Run 5k,Yes
2022,Saige,Nicholson,Bridge City,TX,US,77611,F,29,The Big Pumpkin Run 5k,Yes
2022,Carmen,Story,Orange,TX,US,77630,F,40,The Big Pumpkin Run 5k,Yes
2022,Brian,Clark,Orange,TX,US,77630,M,37,The Big Pumpkin Run 5k,Yes
2022,Steven,Joiner,Beaumont,TX,US,77706,M,50,The Big Pumpkin Run 5k,Yes
2022,Tristan,Gray,Fulshear,TX,US,77441,M,14,The Big Pumpkin Run 5k,Yes
2022,Ian,Gray,Richmond,TX,US,77407,M,10,The Big Pumpkin Run 5k,Yes
2022,Lori,Frederick,Orange,TX,US,77632,F,60,The Big Pumpkin Run 5k,Yes
2022,julianne,hall,WEST ORANGE,TX,US,77630,F,34,The Big Pumpkin Run 5k,Yes
2022,Abby,Ricks,Orange,TX,US,77632,F,28,The Big Pumpkin Run 5k,Yes
2022,Deborah,Hendrix,Sour Lake,TX,US,77659,F,61,The Big Pumpkin Run 5k,Yes
2022,Walter,Phillips,Beaumont,TX,US,77706,M,43,The Big Pumpkin Run 5k,Yes
2022,Alisa,Linscomb,Orange,TX,US,77632,F,54,The Big Pumpkin Run 5k,Yes
2022,Nicole,Peco,Mauriceville,TX,US,77626,F,47,The Big Pumpkin Run 5k,Yes
2022,Kirk,Nesbitt,Nederland,TX,US,77627,M,62,The Big Pumpkin Run 5k,Yes
2022,Deborah,Nesbitt,Nederland,TX,US,77627,F,60,The Big Pumpkin Run 5k,Yes
2022,Rachel,McKay,Orange,TX,US,77630,F,31,The Big Pumpkin Run 5k,Yes
2022,Mark,Blum,Groves,TX,US,77619,M,62,The Big Pumpkin Run 5k,Yes
2022,Liegha,Clark,Iowa,LA,US,70647,F,28,The Big Pumpkin Run 5k,Yes
2022,Rose,Hairston,Nederland,TX,US,77627,F,67,The Big Pumpkin Run 5k,Yes
2022,Frank,Chen,Orange,TX,US,77632,M,59,The Big Pumpkin Run 5k,Yes
2022,Amy,Babcock,Orange,TX,US,77632,F,29,The Big Pumpkin Run 5k,Yes
2022,Grace,Chen,Orange,TX,US,77632,F,25,The Big Pumpkin Run 5k,Yes
2022,Justin,Babcock,Orange,TX,US,77632,M,30,The Big Pumpkin Run 5k,Yes
2022,Scotty,Svoboda,Orange,TX,US,77630,M,20,The Big Pumpkin Run 5k,Yes
2022,James,Mumford,Orange,TX,US,77632,M,33,The Big Pumpkin Run 5k,Yes
2022,Katie,Worthy,Orange,TX,US,77630,F,38,The Big Pumpkin Run 5k,Yes
2022,Tyler,Worthy,Orange,TX,US,77630,M,38,The Big Pumpkin Run 5k,Yes
2022,Adalynn,Worthy,Orange,TX,US,77630,F,10,The Big Pumpkin Run 5k,Yes
2022,Jennifer,Peddy,Vidor,TX,US,77662,F,43,The Big Pumpkin Run 5k,Yes
2022,Shawn,McCullough,Groves,TX,US,77619,M,40,The Big Pumpkin Run 5k,Yes
2022,Lauren,Wilkins,Vidor,TX,US,77662,F,34,The Big Pumpkin Run 5k,Yes
2022,Orlean,Billiot,Orange,TX,US,77632,M,48,The Big Pumpkin Run 5k,Yes
2022,Ashley,Faulk,Beaumont,TX,US,77706,F,39,The Big Pumpkin Run 5k,Yes
2022,Jessica,Van Huis,Orange,TX,US,77630,F,39,The Big Pumpkin Run 5k,Yes
2022,Jonathan,Van Huis,Orange,TX,US,77630,M,40,The Big Pumpkin Run 5k,Yes
2022,Austin,Emery,Lumberton,TX,US,77675,M,26,The Big Pumpkin Run 5k,Yes
2022,Sandra,Clark,Orange,TX,US,77630,F,67,The Big Pumpkin Run 5k,Yes
2022,Michael,Powell,Beaumont,TX,US,77708,M,27,The Big Pumpkin Run 5k,Yes
2022,Jennifer,Watters,Silsbee,TX,US,77656,F,25,The Big Pumpkin Run 5k,Yes
2022,Tabitha,Murray,Hockley,TX,US,77447,F,17,The Big Pumpkin Run 5k,Yes
2022,Micah,Murray,Beaumont,TX,US,77706,M,12,The Big Pumpkin Run 5k,Yes
2022,Joshua,Sciarrilla,Sour Lake,TX,US,77659,M,39,The Big Pumpkin Run 5k,Yes
2022,Heath,Hines,Beaumont,TX,US,77706,M,28,The Big Pumpkin Run 5k,Yes
2022,Aspein,Lakey,Orange,TX,US,77632,F,13,The Big Pumpkin Run 5k,Yes
2022,Deborah,Haynes,Beaumont,TX,US,77705,F,53,The Big Pumpkin Run 5k,Yes
2022,Aubrey,Temple,Orange,TX,US,77632,F,13,The Big Pumpkin Run 5k,Yes
2022,Rachel,Musser,Spokane,WA,US,99208,F,27,The Big Pumpkin Run 5k,Yes
2022,Evan,Niles,Lake Charles,LA,US,70605,M,34,The Big Pumpkin Run 5k,Yes
2022,Crystal,Moore,Port Neches,TX,US,77651,F,35,The Big Pumpkin Run 5k,Yes
2022,John,Moore,Port Neches,TX,US,77651,M,59,The Big Pumpkin Run 5k,Yes
2022,Hamilton,Davis,Beaumont,TX,US,77713,M,26,The Big Pumpkin Run 5k,Yes
2022,Holly,Palermo,Beaumont,TX,US,77713,F,25,The Big Pumpkin Run 5k,Yes
2022,Eric,Sauerwein,Nederland,TX,US,77627,M,36,The Big Pumpkin Run 5k,Yes
2022,Charles,Guilhas,Austin,TX,US,78746,M,25,The Big Pumpkin Run 5k,Yes
2022,Susan,Craig,Soldotna,AK,US,99669,F,53,The Big Pumpkin Run 5k,Yes
2022,Robyn,Moore,Missouri City,TX,US,77459,F,36,The Big Pumpkin Run 5k,Yes
2022,Angel,Thomas,HoustonHouston,TX,US,77077,F,33,The Big Pumpkin Run 5k,Yes
2022,Ariel,Thomas,Buna,TX,US,77612,F,15,The Big Pumpkin Run 5k,Yes
2022,Lauren,Frederick,Orange,TX,US,77630,F,30,The Big Pumpkin Run 5k,Yes
2022,Trampus,King,Orange,TX,US,77632,M,49,The Big Pumpkin Run 5k,Yes
2022,Kathryn,Ducharne,Beaumont,TX,US,77706,F,33,The Big Pumpkin Run 5k,Yes
2022,Ray,Stelly,Hamshire,TX,US,77622,M,34,The Big Pumpkin Run 5k,Yes
2022,Amber,Hicks,Orange,TX,US,77632,F,30,The Big Pumpkin Run 5k,Yes
2022,Cheryl,May,Nederland,TX,US,77627,F,53,The Big Pumpkin Run 5k,Yes
2022,Karen,Allison,Groves,TX,US,77619,F,38,The Big Pumpkin Run 5k,Yes
2022,Christopher,Cullather,Beaumont,TX,US,77706,M,65,The Big Pumpkin Run 5k,Yes
2022,Mary,Cullather,Beaumont,TX,US,77706,F,63,The Big Pumpkin Run 5k,Yes
2022,Christian,Fuselier,Orange,TX,US,77632,M,24,The Big Pumpkin Run 5k,Yes
2022,Kate,Brimm,Orange,TX,US,77630,F,35,The Big Pumpkin Run 5k,Yes
2022,Heather,Dyson,Orange,TX,US,77630,F,47,The Big Pumpkin Run 5k,Yes
2022,Patricia ( Gigi ),Spoonemore,Lumberton,TX,US,77657,F,60,The Big Pumpkin Run 5k,Yes
2022,Vineen,Giordano,Orange,TX,US,77630,F,55,The Big Pumpkin Run 5k,Yes
2022,Scott,Danks,Nederland,TX,US,77627,M,48,The Big Pumpkin Run 5k,Yes
2022,Denard,Raymond,Port Arthur,TX,US,77640,M,50,The Big Pumpkin Run 5k,Yes
2022,Rebecca,Marks,Lake Village,IN,US,46349,F,45,The Big Pumpkin Run 5k,Yes
2022,Meghan,Baumgardner,Beaumont,TX,US,77707,F,28,The Big Pumpkin Run 5k,Yes
2022,Chad,Baumgardner,Beaumont,TX,US,77707,M,28,The Big Pumpkin Run 5k,Yes
2022,Chelsea,williamson,Orange,TX,US,77632,F,38,The Big Pumpkin Run 5k,Yes
2022,Cassandra,Stanley,Vidor,TX,US,77662,F,39,The Big Pumpkin Run 5k,Yes
2022,Tessa,Humble,Orange,TX,US,77632,F,45,The Big Pumpkin Run 5k,Yes
2022,Jordyn,Davis,Orange,TX,US,77632,F,32,The Big Pumpkin Run 5k,Yes
2022,Shanna,Burke,Lumberton,TX,US,77657,F,50,The Big Pumpkin Run 5k,Yes
2022,Vicky,Netterville,Lumberton,TX,US,77657,F,63,The Big Pumpkin Run 5k,Yes
2022,Natosha,Brown,Lumberton,TX,US,77657,F,47,The Big Pumpkin Run 5k,Yes
2022,Landon,Henry,Beaumont,TX,US,77713,M,24,The Big Pumpkin Run 5k,Yes
2022,Kirsten,Morrison,Orange,TX,US,77630,F,24,The Big Pumpkin Run 5k,Yes
2022,Taylor,Charlton,Nederland,TX,US,77627,F,13,The Big Pumpkin Run 5k,Yes
2022,Bethany,Rench,Lumberton,TX,US,77657,F,35,The Big Pumpkin Run 5k,Yes
2022,Caleb,Graber,Lumberton,TX,US,77657,M,20,The Big Pumpkin Run 5k,Yes
2022,Amanda,Britnell,Orange,TX,US,77632,F,39,The Big Pumpkin Run 5k,Yes
2022,Ben,Britnell,Orange,TX,US,77632,M,14,The Big Pumpkin Run 5k,Yes
2022,Brad,Britnell,Orange,TX,US,77632,M,40,The Big Pumpkin Run 5k,Yes
2022,Tricia,Stroud,Orange,TX,US,77630,F,44,The Big Pumpkin Run 5k,Yes
2022,Harlie,Claborn,Bridge City,TX,US,77611,F,28,The Big Pumpkin Run 5k,Yes
2022,Cody,Atkins,Kountze,TX,US,77625,M,31,The Big Pumpkin Run 5k,Yes
2022,Jeffrey,Vincent,Kountze,TX,US,77625,M,32,The Big Pumpkin Run 5k,Yes
2022,Jerry,Loncon,Groves,TX,US,77619,M,56,The Big Pumpkin Run 5k,Yes
2022,Julie,Loncon,Groves,TX,US,77619,F,58,The Big Pumpkin Run 5k,Yes
2022,Maribeth,Owens,Lumberton,TX,US,77657,F,11,The Big Pumpkin Run 5k,Yes
2022,Theresa,Manthei,Lumberton,TX,US,77657,F,38,The Big Pumpkin Run 5k,Yes
2022,Natalie,Manthei,Lumberton,TX,US,77657,F,11,The Big Pumpkin Run 5k,Yes
2022,Lauren,Cavett,Beaumont,TX,US,77706,F,40,The Big Pumpkin Run 5k,Yes
2022,Carter,Cavett,Beaumont,TX,US,77706,M,13,The Big Pumpkin Run 5k,Yes
2022,Ashley,Bowling,Lumberton,TX,US,77657,F,38,The Big Pumpkin Run 5k,Yes
2022,Amber,Harris,Port Neches,TX,US,77651,F,40,The Big Pumpkin Run 5k,Yes
2022,Lauren,Fischer,Devers,TX,US,77538,F,40,The Big Pumpkin Run 5k,Yes
2022,Brittney,Findley,Port Neches,TX,US,77651,F,36,The Big Pumpkin Run 5k,Yes
2022,Richard,Smith,Orange,TX,US,77632,M,39,The Big Pumpkin Run 5k,Yes
2022,Jonathan,Brewer,Vidor,TX,US,77662,M,28,The Big Pumpkin Run 5k,Yes
2022,Abby,Brewer,Vidor,TX,US,77662,F,27,The Big Pumpkin Run 5k,Yes
2022,Michael,Gillespie,Beaumont,TX,US,77702,M,35,The Big Pumpkin Run 5k,Yes
2022,Thomas,Baty,Vidor,TX,US,77662,M,46,The Big Pumpkin Run 5k,Yes
2022,Britni,Linscomb,Orange,TX,US,77632,F,31,The Big Pumpkin Run 5k,Yes
2022,Craig,Woodill,Beaumont,TX,US,77713,M,47,The Big Pumpkin Run 5k,Yes
2022,Kaleb,Barner,Lumberton,TX,US,77657,M,37,The Big Pumpkin Run 5k,Yes
2022,Matthew,Spaid,Orange,TX,US,77630,M,34,The Big Pumpkin Run 5k,Yes
2022,Azatiany,Trotter,Port Neches,TX,US,77651,F,49,The Big Pumpkin Run 5k,Yes
2022,Eric,Trotter,Port Neches,TX,US,77651,M,43,The Big Pumpkin Run 5k,Yes
2022,Spencer,Odom,Beaumont,TX,US,77706,M,43,The Big Pumpkin Run 5k,Yes
2022,Catherine,Moroney,Boothbay,ME,US,4537,F,54,The Big Pumpkin Run 5k,Yes
2022,Alexis,Cox,Orange,TX,US,77632,F,24,The Big Pumpkin Run 5k,Yes
2022,Amber,Walker,Pullman,WA,US,99163,F,26,The Big Pumpkin Run 5k,Yes
2022,Susan,Joiner,Beaumont,TX,US,77706,F,41,The Big Pumpkin Run 5k,Yes
2022,Keith,Gross,Bridge City,TX,US,77611,M,46,The Big Pumpkin Run 5k,Yes
2022,Vanessa,Gross,Bridge City,TX,US,77611,F,41,The Big Pumpkin Run 5k,Yes
2022,Gary,Deese,Nederland,TX,US,77627,M,54,The Big Pumpkin Run 5k,Yes
2022,Eric,Locaylocay,Beaumont,TX,US,77713,M,52,The Big Pumpkin Run 5k,Yes
2022,Thomas,Nguyen,Port Neches,TX,US,77651,M,15,The Big Pumpkin Run 5k,Yes
2022,Magen,Crockett,Beaumont,TX,US,77708,F,34,The Big Pumpkin Run 5k,Yes
2022,Preston,Moncla,Beaumont,TX,US,77707,M,28,The Big Pumpkin Run 5k,Yes
2022,Caleb,Haynes,Bridge City,TX,US,77611,M,28,The Big Pumpkin Run 5k,Yes
2022,Jordan,Quarles,Orange,TX,US,77630,M,31,The Big Pumpkin Run 5k,Yes
2022,Amberlyn,Alpers,Bridge City,TX,US,77611,F,32,The Big Pumpkin Run 5k,Yes
2022,Sophia,Alpers,Bridge City,TX,US,77611,F,9,The Big Pumpkin Run 5k,Yes
2022,Alexandria,Lewis,Beaumont,TX,US,77706,F,25,The Big Pumpkin Run 5k,Yes
2022,Kenzie,Rule,Port Arthur,TX,US,77640,F,13,The Big Pumpkin Run 5k,Yes
2022,April,Kagle,Orange,TX,US,77632,F,56,The Big Pumpkin Run 5k,Yes
2022,Armend,Hajdari,Orange,TX,US,77630,M,46,The Big Pumpkin Run 5k,Yes
2022,Elton,Hajdari,Orange,TX,US,77630,M,14,The Big Pumpkin Run 5k,Yes
2022,Eron,Hajdari,Orange,TX,US,77630,M,12,The Big Pumpkin Run 5k,Yes
2022,Lorena,Velazquez,Beaumont,TX,US,77701,F,27,The Big Pumpkin Run 5k,Yes
2022,Laura,Hernandez,Beaumont,TX,US,77701,F,27,The Big Pumpkin Run 5k,Yes
2022,Abigayle,Haynes,Bridge City,TX,US,77611,F,28,The Big Pumpkin Run 5k,Yes
2022,Cody,Hensley,Beaumont,TX,US,77707,M,40,The Big Pumpkin Run 5k,Yes
2022,Leisa,Jackson,,,US,,F,63,The Big Pumpkin Run 5k,Yes
2022,Larry,Spears,,,US,,M,42,The Big Pumpkin Run 5k,Yes
2022,Easton,Dishon,,,US,,M,7,The Big Pumpkin Run 5k,Yes
2022,John,Fermo,Houston,,US,,M,46,The Big Pumpkin Run 5k,Yes
2022,Rosemary,Murray,,,US,,F,20,The Big Pumpkin Run 5k,Yes
2022,Teddy,Wissing,,,US,,M,53,The Big Pumpkin Run 5k,Yes
2022,Yvette,Canales,,,US,,F,50,The Big Pumpkin Run 5k,Yes
2022,Kevin,Hultgren,Fairfield,CA,US,94534,M,47,Virtual 5k,Yes
2022,Peggy,Lund,Corning,NY,US,14830,F,74,Virtual 5k,Yes
2022,Eddie,Trevino,Killeen,TX,US,76542,M,62,Virtual 5k,Yes
2022,Catherine,Trevino,Killeen,TX,US,76542,F,58,Virtual 5k,Yes
2022,Javier,Garcia,Bridge City,TX,US,77611,M,58,Virtual 5k,Yes
2022,Michael,Broussard,Bridge City,TX,US,77611,M,33,Virtual 5k,Yes
2022,Michael,Dujunco,Tomball,TX,US,77375,M,47,Virtual 5k,Yes
2022,Kristin,Dujunco,Tomball,TX,US,77375,F,48,Virtual 5k,Yes
2022,Kelly,White,Houston,TX,US,77007,M,41,Virtual 5k,Yes
2022,Erika,Garcia,Houston,TX,US,77059,F,41,Virtual 5k,Yes
2022,Ike,Adams Jr,Beaumont,TX,US,77705,M,62,Virtual 5k,Yes
2022,Joshua,McNamara,Kountze,TX,US,77625,M,43,Virtual 5k,Yes
2022,Anthony,Deskey,Glen Carbon,IL,US,62034,M,45,Virtual 5k,Yes
2022,Alexandria,Moussette,Glen Carbon,IL,US,62034,F,24,Virtual 5k,Yes
2022,Raquel,Hernandez,Harlingen,TX,US,78550,F,45,Virtual 5k,Yes
2022,Debbie,Kinder,Charleston,WV,US,25387,F,56,Virtual 5k,Yes
2022,Brianna,Howlett,Vidor,TX,US,77662,F,38,Virtual 5k,Yes
